fold,date,y_true_class,y_true_price
1,2006-01-19,1,567.25
1,2006-01-20,1,554.5
1,2006-01-23,0,557.25
1,2006-01-24,1,561.75
1,2006-01-25,1,561.75
1,2006-01-27,0,569.75
1,2006-02-06,1,558.70000000000005
1,2006-02-07,0,548.75
1,2006-02-08,0,557
1,2006-02-10,1,549.29999999999995
1,2006-02-13,0,539.70000000000005
1,2006-02-14,0,538.75
1,2006-02-16,0,551.70000000000005
1,2006-02-17,1,554
1,2006-02-21,1,553
1,2006-02-22,0,551.20000000000005
1,2006-02-23,0,554.14999999999998
1,2006-02-24,1,553.25
1,2006-02-27,0,556
1,2006-02-28,1,564.25
1,2006-03-01,1,563.75
1,2006-03-02,0,565
1,2006-03-03,1,565.25
1,2006-03-06,1,553
1,2006-03-07,0,544.75
1,2006-03-08,0,550.10000000000002
1,2006-03-09,1,535
1,2006-03-10,0,543.5
1,2006-03-13,1,545.79999999999995
1,2006-03-14,1,552.75
1,2006-03-16,1,552.75
1,2006-03-17,0,555.75
1,2006-03-20,1,550.75
1,2006-03-22,0,546.5
1,2006-03-23,0,556.75
1,2006-03-24,1,565
1,2006-03-27,1,567.5
1,2006-03-28,1,565
1,2006-03-29,0,582
1,2006-03-31,1,587
1,2006-04-03,1,588
1,2006-04-04,1,586.5
1,2006-04-05,0,589.75
1,2006-04-07,1,597.25
1,2006-04-10,1,597.25
1,2006-04-12,0,593
1,2006-04-13,0,614.75
1,2006-04-18,1,624.75
1,2006-04-19,1,625
1,2006-04-20,1,623.5
1,2006-04-21,0,622.5
1,2006-04-24,0,634.75
1,2006-04-25,1,635.5
1,2006-04-26,1,638
1,2006-04-27,1,644
1,2006-04-28,1,675.5
1,2006-05-08,1,691.25
1,2006-05-09,1,699.89999999999998
1,2006-05-10,1,715.5
1,2006-05-11,1,725
1,2006-05-12,1,687.5
1,2006-05-15,0,692
1,2006-05-16,1,699.5
1,2006-05-17,1,693.5
1,2006-05-18,0,651.5
1,2006-05-19,0,652.5
1,2006-05-22,1,666.75
1,2006-05-23,1,648.5
1,2006-05-24,0,642.5
1,2006-05-25,0,642.25
1,2006-05-26,0,660.5
1,2006-05-30,1,653
1,2006-05-31,0,625
1,2006-06-01,0,632.25
1,2006-06-02,1,641.79999999999995
1,2006-06-05,1,627
1,2006-06-06,0,617.75
1,2006-06-07,0,614
1,2006-06-08,0,616
1,2006-06-09,1,609.20000000000005
1,2006-06-12,0,586.5
1,2006-06-13,0,567.75
1,2006-06-14,0,569.5
1,2006-06-15,1,574
1,2006-06-16,1,571
1,2006-06-19,0,567
1,2006-06-20,0,574.60000000000002
1,2006-06-21,1,584.5
1,2006-06-22,1,579.60000000000002
1,2006-06-23,0,583.5
1,2006-06-26,1,588.75
1,2006-06-27,1,582.75
1,2006-06-28,0,589.25
1,2006-06-29,1,613.5
1,2006-06-30,1,622.95000000000005
1,2006-07-03,1,623
1,2006-07-05,1,626
1,2006-07-06,1,631.5
1,2006-07-07,1,626
1,2006-07-10,0,630.75
1,2006-07-11,1,650
1,2006-07-12,1,649.5
1,2006-07-13,0,663.25
1,2006-07-14,1,645
1,2006-07-18,0,641.60000000000002
1,2006-07-19,0,642.5
1,2006-07-20,1,634
1,2006-07-21,0,605.70000000000005
1,2006-07-24,0,618.75
1,2006-07-25,1,614.29999999999995
1,2006-07-26,0,639
1,2006-07-27,1,637.10000000000002
1,2006-07-28,0,632.5
1,2006-07-31,0,637.25
1,2006-08-01,1,654.39999999999998
1,2006-08-02,1,644.39999999999998
1,2006-08-03,0,652.25
1,2006-08-04,1,649.75
1,2006-08-07,0,646
1,2006-08-08,0,649
1,2006-08-09,1,644.75
1,2006-08-10,0,644.5
1,2006-08-11,0,624.60000000000002
1,2006-08-14,0,629.75
1,2006-08-16,1,625.5
1,2006-08-17,0,613.89999999999998
1,2006-08-18,0,625
1,2006-08-21,1,622.75
1,2006-08-22,0,628.10000000000002
1,2006-08-23,1,623.75
1,2006-08-24,0,621.25
1,2006-08-25,0,613.39999999999998
1,2006-08-29,0,617.75
1,2006-08-30,1,623.5
1,2006-08-31,1,621.04999999999995
1,2006-09-01,0,637.75
1,2006-09-05,1,635.39999999999998
1,2006-09-06,0,621.5
1,2006-09-07,0,610
1,2006-09-08,0,588
1,2006-09-11,0,590.70000000000005
1,2006-09-12,1,589
1,2006-09-13,0,584.39999999999998
1,2006-09-14,0,573.60000000000002
1,2006-09-15,0,583.5
1,2006-09-19,1,580.25
1,2006-09-20,0,578.75
1,2006-09-21,0,589
1,2006-09-22,1,584.75
1,2006-09-25,0,591
1,2006-09-26,1,593.75
1,2006-09-27,1,603
1,2006-09-28,1,599.25
1,2006-09-29,0,571.39999999999998
1,2006-10-10,0,574.10000000000002
1,2006-10-11,1,573
1,2006-10-12,0,586.10000000000002
1,2006-10-13,1,595.10000000000002
1,2006-10-16,1,590
1,2006-10-17,0,594
1,2006-10-18,1,597.25
1,2006-10-19,1,596.60000000000002
1,2006-10-20,0,582.75
1,2006-10-23,0,596.25
1,2006-10-26,1,596.25
1,2006-10-27,0,608.5
1,2006-10-30,1,603.75
1,2006-10-31,0,614.10000000000002
1,2006-11-01,1,620.75
1,2006-11-02,1,626.10000000000002
1,2006-11-06,1,625.75
1,2006-11-07,0,623.20000000000005
1,2006-11-08,0,625.25
1,2006-11-09,1,629.29999999999995
1,2006-11-10,1,623.5
1,2006-11-13,0,627
1,2006-11-14,1,617.75
1,2006-11-15,0,624.75
1,2006-11-16,1,620.5
1,2006-11-17,0,625.5
1,2006-11-20,1,624.5
1,2006-11-21,0,631.79999999999995
1,2006-11-22,1,639.5
1,2006-11-24,1,638.75
1,2006-11-27,0,637
1,2006-11-28,0,637.5
1,2006-11-29,1,646.70000000000005
1,2006-11-30,1,648.75
1,2006-12-01,1,646
1,2006-12-04,0,645.89999999999998
1,2006-12-05,0,636
1,2006-12-06,0,627.75
1,2006-12-07,0,637.39999999999998
1,2006-12-08,1,626.75
1,2006-12-11,0,628
1,2006-12-12,1,624
1,2006-12-13,0,627.39999999999998
1,2006-12-14,1,623.75
1,2006-12-15,0,614
1,2006-12-18,0,620.5
1,2006-12-19,1,619.25
1,2006-12-20,0,620.5
1,2006-12-21,1,619.75
1,2006-12-22,0,628.5
1,2006-12-27,1,632
1,2006-12-28,1,635.70000000000005
1,2006-12-29,1,628.70000000000005
1,2007-01-04,0,609.5
1,2007-01-05,0,609.60000000000002
1,2007-01-09,1,608.39999999999998
1,2007-01-10,0,612
1,2007-01-11,1,619.75
1,2007-01-12,1,627.04999999999995
1,2007-01-16,1,626.5
1,2007-01-17,0,635
1,2007-01-18,1,629
1,2007-01-19,0,639
1,2007-01-22,1,642.5
1,2007-01-23,1,642.10000000000002
1,2007-01-24,0,651.75
1,2007-01-25,1,644.75
1,2007-01-29,0,650.5
1,2007-01-31,1,645.70000000000005
1,2007-02-02,0,649.39999999999998
1,2007-02-05,1,653.25
1,2007-02-06,1,653.75
1,2007-02-07,1,656
1,2007-02-08,1,664.5
1,2007-02-09,1,667.79999999999995
1,2007-02-13,1,668.25
1,2007-02-14,1,664.75
1,2007-02-15,0,685.75
1,2007-02-26,1,676.20000000000005
1,2007-02-27,0,664.20000000000005
1,2007-02-28,0,670.39999999999998
1,2007-03-01,1,651.89999999999998
1,2007-03-02,0,636.75
1,2007-03-05,0,643.75
1,2007-03-06,1,646.39999999999998
1,2007-03-07,1,654.25
1,2007-03-08,1,652.25
1,2007-03-09,0,647.75
1,2007-03-12,0,650.79999999999995
1,2007-03-13,1,643.25
1,2007-03-14,0,648.5
1,2007-03-15,1,653.20000000000005
1,2007-03-16,1,659
1,2007-03-20,1,663
1,2007-03-22,1,656.25
1,2007-03-23,0,663
1,2007-03-26,1,666.75
1,2007-03-28,1,661
1,2007-03-29,0,661.75
1,2007-03-30,1,664.25
1,2007-04-03,1,672.25
1,2007-04-04,1,673.5
1,2007-04-05,1,677.39999999999998
1,2007-04-10,1,678.20000000000005
1,2007-04-11,1,677.25
1,2007-04-12,0,681.75
1,2007-04-13,1,686.5
1,2007-04-16,1,688
1,2007-04-17,1,688.75
1,2007-04-18,1,681.89999999999998
1,2007-04-19,0,691.39999999999998
1,2007-04-20,1,688.70000000000005
1,2007-04-23,0,688.39999999999998
1,2007-04-24,0,684
1,2007-04-25,0,673
1,2007-04-26,0,677.5
1,2007-04-27,1,684.25
1,2007-05-08,1,683
1,2007-05-09,0,673.5
1,2007-05-10,0,669
1,2007-05-11,0,670.20000000000005
1,2007-05-14,1,668.25
1,2007-05-15,0,667.75
1,2007-05-16,0,656.75
1,2007-05-17,0,657
1,2007-05-18,1,658
1,2007-05-21,1,662
1,2007-05-22,1,662.04999999999995
1,2007-05-23,1,659
1,2007-05-24,0,655.29999999999995
1,2007-05-25,0,660.14999999999998
1,2007-05-29,1,652.64999999999998
1,2007-05-30,0,659.10000000000002
1,2007-05-31,1,666.5
1,2007-06-01,1,671.10000000000002
1,2007-06-04,1,671.5
1,2007-06-05,1,669.70000000000005
1,2007-06-06,0,668.75
1,2007-06-07,0,655.25
1,2007-06-08,0,650.29999999999995
1,2007-06-11,0,647.25
1,2007-06-12,0,647.64999999999998
1,2007-06-13,1,653.25
1,2007-06-14,1,653.10000000000002
1,2007-06-15,0,656
1,2007-06-18,1,656.29999999999995
1,2007-06-19,1,657.70000000000005
1,2007-06-20,1,650.5
1,2007-06-21,0,652.85000000000002
1,2007-06-22,1,650.75
1,2007-06-25,0,647
1,2007-06-26,0,642.10000000000002
1,2007-06-27,0,647.25
1,2007-06-28,1,650.5
1,2007-06-29,1,654.75
1,2007-07-02,1,654.25
1,2007-07-03,0,651
1,2007-07-05,0,648.75
1,2007-07-06,0,661.25
1,2007-07-09,1,661.70000000000005
1,2007-07-10,1,663
1,2007-07-11,1,667.25
1,2007-07-12,1,666.5
1,2007-07-13,0,666.5
1,2007-07-17,0,666.75
1,2007-07-18,1,674.5
1,2007-07-19,1,681.60000000000002
1,2007-07-20,1,682
1,2007-07-23,1,684.29999999999995
1,2007-07-24,1,674.75
1,2007-07-25,0,670
1,2007-07-26,0,660.5
1,2007-07-27,0,661.5
1,2007-07-30,1,665.5
1,2007-07-31,1,665.75
1,2007-08-01,1,666.25
1,2007-08-02,1,670.5
1,2007-08-03,1,671.5
1,2007-08-06,1,668
1,2007-08-07,0,675.5
1,2007-08-08,1,662.60000000000002
1,2007-08-09,0,668.5
1,2007-08-10,1,668.75
1,2007-08-13,1,668.35000000000002
1,2007-08-14,0,662.25
1,2007-08-16,0,657.5
1,2007-08-17,0,657.5
1,2007-08-21,0,659.5
1,2007-08-22,1,660.75
1,2007-08-23,1,660.85000000000002
1,2007-08-24,1,666
1,2007-08-28,1,664.25
1,2007-08-29,0,666
1,2007-08-30,1,672
1,2007-08-31,1,678.75
1,2007-09-04,1,680.25
1,2007-09-05,1,688.14999999999998
1,2007-09-06,1,703.5
1,2007-09-10,1,704.14999999999998
1,2007-09-11,1,706
1,2007-09-12,1,704.5
1,2007-09-13,0,716.35000000000002
1,2007-09-14,1,714.75
1,2007-09-18,0,725.14999999999998
1,2007-09-19,1,734.5
1,2007-09-20,1,737
1,2007-09-21,1,728.5
1,2007-09-25,0,734.75
1,2007-09-26,1,731.75
1,2007-09-27,0,741.25
1,2007-10-10,1,749
1,2007-10-11,1,749.5
1,2007-10-12,1,758.85000000000002
1,2007-10-15,1,756.75
1,2007-10-16,0,762.5
1,2007-10-17,1,764.14999999999998
1,2007-10-18,1,763
1,2007-10-19,0,751.25
1,2007-10-22,0,757.5
1,2007-10-24,1,767.5
1,2007-10-25,1,779.14999999999998
1,2007-10-26,1,788.5
1,2007-10-29,1,783.25
1,2007-10-30,0,789.5
1,2007-10-31,1,790.25
1,2007-11-01,1,796.5
1,2007-11-02,1,804.75
1,2007-11-05,1,822.5
1,2007-11-06,1,834.5
1,2007-11-07,1,841.10000000000002
1,2007-11-08,1,803.5
1,2007-11-12,0,804.25
1,2007-11-13,1,813.5
1,2007-11-14,1,794
1,2007-11-15,0,789.75
1,2007-11-16,0,778.85000000000002
1,2007-11-19,0,795.5
1,2007-11-20,1,798
1,2007-11-21,1,830
1,2007-11-26,1,810.75
1,2007-11-27,0,801.75
1,2007-11-28,0,794.5
1,2007-11-29,0,783.5
1,2007-11-30,0,784.25
1,2007-12-03,1,797.5
1,2007-12-04,1,793
1,2007-12-05,0,801.5
1,2007-12-06,1,792.5
1,2007-12-07,0,809.5
1,2007-12-10,1,808.75
1,2007-12-11,0,814
1,2007-12-12,1,800.70000000000005
1,2007-12-13,0,789.5
1,2007-12-14,0,790.75
1,2007-12-17,1,804.25
1,2007-12-18,1,799.75
1,2007-12-19,0,795.25
1,2007-12-20,0,829
1,2007-12-27,1,833.75
1,2007-12-28,1,855
1,2008-01-04,1,859.25
1,2008-01-07,1,873.5
1,2008-01-08,1,877
1,2008-01-09,1,884.25
1,2008-01-10,1,891
1,2008-01-11,1,913
1,2008-01-15,1,889.75
1,2008-01-16,0,888.25
1,2008-01-17,0,882
1,2008-01-18,0,875
1,2008-01-22,0,888.25
1,2008-01-23,1,909.25
1,2008-01-24,1,918.25
1,2008-01-25,1,921.75
1,2008-01-28,1,924.5
1,2008-01-29,1,919
1,2008-01-30,0,923.25
1,2008-01-31,1,914.75
1,2008-02-01,0,893.75
1,2008-02-04,0,899
1,2008-02-13,1,906
1,2008-02-14,1,912.5
1,2008-02-15,1,924
1,2008-02-19,1,920
1,2008-02-20,0,945
1,2008-02-21,1,943
1,2008-02-22,0,937.75
1,2008-02-25,0,937
1,2008-02-26,0,959.5
1,2008-02-27,1,959.75
1,2008-02-28,1,971.5
1,2008-02-29,1,988.5
1,2008-03-03,1,984.75
1,2008-03-04,0,974.5
1,2008-03-05,0,972.5
1,2008-03-07,0,969.25
1,2008-03-10,0,970
1,2008-03-11,1,975.5
1,2008-03-12,1,995
1,2008-03-13,1,1003.5
1,2008-03-14,1,1011.25
1,2008-03-17,1,1006.75
1,2008-03-18,0,958.5
1,2008-03-19,0,926.75
1,2008-03-25,0,946.75
1,2008-03-26,1,946.75
1,2008-03-27,0,934.25
1,2008-03-28,0,933.5
1,2008-03-31,0,890
1,2008-04-02,0,896.5
1,2008-04-03,1,926.5
1,2008-04-07,1,915
1,2008-04-08,0,917
1,2008-04-09,1,928
1,2008-04-10,1,927.75
1,2008-04-11,0,929.75
1,2008-04-15,1,945
1,2008-04-16,1,946
1,2008-04-17,1,918.5
1,2008-04-21,0,918
1,2008-04-22,0,898.5
1,2008-04-23,0,895.5
1,2008-04-24,0,891.5
1,2008-04-25,0,890.5
1,2008-04-28,0,871
1,2008-04-30,0,868.25
1,2008-05-07,0,877
1,2008-05-08,1,876
1,2008-05-09,0,883.5
1,2008-05-12,1,865
1,2008-05-13,0,866.5
1,2008-05-14,1,881.25
1,2008-05-15,1,897
1,2008-05-16,1,914.5
1,2008-05-20,1,923
1,2008-05-21,1,922.75
1,2008-05-22,0,927.5
1,2008-05-23,1,906.75
1,2008-05-27,0,902.5
1,2008-05-28,0,883
1,2008-05-29,0,885.75
1,2008-05-30,1,888.25
1,2008-06-02,1,879.25
1,2008-06-03,0,883.5
1,2008-06-04,1,878.75
1,2008-06-05,0,890.5
1,2008-06-06,1,878
1,2008-06-10,0,876.25
1,2008-06-11,0,862.25
1,2008-06-12,0,866
1,2008-06-13,1,888.25
1,2008-06-16,1,881.5
1,2008-06-17,0,887.5
1,2008-06-18,1,903
1,2008-06-19,1,907.5
1,2008-06-20,1,881
1,2008-06-23,0,889.5
1,2008-06-24,1,882.75
1,2008-06-25,0,909.5
1,2008-06-26,1,919.5
1,2008-06-27,1,930.25
1,2008-06-30,1,937.5
1,2008-07-01,1,935.25
1,2008-07-02,0,934
1,2008-07-03,0,916.75
1,2008-07-07,0,921
1,2008-07-08,1,927.25
1,2008-07-09,1,939.5
1,2008-07-10,1,962.75
1,2008-07-11,1,968
1,2008-07-14,1,986
1,2008-07-15,1,977.5
1,2008-07-16,0,965.5
1,2008-07-17,0,959.75
1,2008-07-18,0,961.5
1,2008-07-22,1,926.5
1,2008-07-23,0,928
1,2008-07-24,1,920.5
1,2008-07-25,0,923.5
1,2008-07-28,1,916.75
1,2008-07-29,0,897.5
1,2008-07-30,0,918
1,2008-07-31,1,912.5
1,2008-08-01,0,905.75
1,2008-08-04,0,882
1,2008-08-05,0,879.5
1,2008-08-06,0,871.5
1,2008-08-07,0,852.5
1,2008-08-08,0,852.5
1,2008-08-11,0,817.75
1,2008-08-12,0,818.5
1,2008-08-13,1,818
1,2008-08-14,0,796.25
1,2008-08-18,0,815.75
1,2008-08-20,1,833.5
1,2008-08-21,1,824
1,2008-08-22,0,827
1,2008-08-26,1,827
1,2008-08-27,0,838.25
1,2008-08-28,1,833
1,2008-08-29,0,798.5
1,2008-09-02,0,805.75
1,2008-09-04,1,808.5
1,2008-09-05,1,808
1,2008-09-08,0,781.75
1,2008-09-09,0,775.75
1,2008-09-10,0,740.75
1,2008-09-11,0,750.25
1,2008-09-12,1,779.5
1,2008-09-16,1,813
1,2008-09-17,1,863
1,2008-09-18,1,869
1,2008-09-19,1,889
1,2008-09-22,1,896
1,2008-09-24,1,888.5
1,2008-09-25,0,902
1,2008-09-26,1,875.5
1,2008-10-06,0,876.75
1,2008-10-07,1,903.5
1,2008-10-08,1,900.5
1,2008-10-10,0,832.5
1,2008-10-14,0,847
1,2008-10-15,1,802.5
1,2008-10-16,0,784.5
1,2008-10-17,0,795
1,2008-10-20,1,744
1,2008-10-22,0,720
1,2008-10-23,0,712.5
1,2008-10-24,0,730.5
1,2008-10-27,1,764
1,2008-10-29,1,730.75
1,2008-10-31,0,741.25
1,2008-11-04,1,753.75
1,2008-11-05,1,754.5
1,2008-11-06,1,735.25
1,2008-11-07,0,753
1,2008-11-10,1,733.75
1,2008-11-11,0,724.75
1,2008-11-12,0,747.5
1,2008-11-14,1,734
1,2008-11-17,0,738
1,2008-11-18,1,762
1,2008-11-19,1,738
1,2008-11-20,0,774.5
1,2008-11-21,1,820.5
1,2008-11-25,1,812.5
1,2008-11-26,0,814.5
1,2008-11-28,1,778
1,2008-12-01,0,780
1,2008-12-02,1,766.25
1,2008-12-03,0,773.25
1,2008-12-04,1,749
1,2008-12-05,0,767.25
1,2008-12-08,1,802.25
1,2008-12-10,1,827.75
1,2008-12-11,1,826.5
1,2008-12-12,0,826
1,2008-12-15,0,838.25
1,2008-12-16,1,870
1,2008-12-17,1,855.25
1,2008-12-18,0,835.75
1,2008-12-19,0,849
1,2008-12-22,1,836.75
1,2008-12-24,0,880.25
1,2008-12-29,1,869.75
1,2008-12-30,0,853.5
1,2009-01-05,0,848.25
1,2009-02-03,0,905
1,2009-02-04,1,920
1,2009-02-05,1,913
1,2009-02-06,0,895
1,2009-02-09,0,909.75
1,2009-02-10,1,943.25
1,2009-02-12,1,935.5
1,2009-02-13,0,968
1,2009-02-17,1,964
1,2009-02-18,0,980.5
1,2009-02-19,1,984.25
1,2009-02-24,1,978.5
1,2009-02-25,0,936.5
1,2009-02-26,0,952
1,2009-02-27,1,937.25
1,2009-03-02,0,913.75
1,2009-03-03,0,908.5
1,2009-03-04,0,913
1,2009-03-05,1,936
1,2009-03-06,1,923.75
1,2009-03-09,0,925.25
1,2009-03-12,1,928
1,2009-03-13,1,919.5
1,2009-03-16,0,915.5
1,2009-03-17,0,893.25
1,2009-03-18,0,956.5
1,2009-03-19,1,949.25
1,2009-03-23,0,923.75
1,2009-03-24,0,929
1,2009-03-25,1,938.25
1,2009-03-26,1,928
1,2009-03-30,0,916.5
1,2009-03-31,0,897.75
1,2009-04-02,0,880
1,2009-04-08,0,891
1,2009-04-15,1,880.5
1,2009-04-16,0,877
1,2009-04-20,0,886
1,2009-04-22,1,897.5
1,2009-04-23,1,907.5
1,2009-04-24,1,907.5
1,2009-04-27,0,891
1,2009-04-28,0,912.25
1,2009-05-07,1,907
1,2009-05-08,0,913
1,2009-05-11,1,917
1,2009-05-12,1,924
1,2009-05-13,1,925.25
1,2009-05-14,1,921
1,2009-05-18,0,924.75
1,2009-05-19,1,939.5
1,2009-05-20,1,937.5
1,2009-05-21,0,959.75
1,2009-05-22,1,945
1,2009-05-26,0,951
1,2009-05-27,1,981.75
1,2009-06-01,1,980
1,2009-06-02,0,976.75
1,2009-06-03,0,970.75
1,2009-06-04,0,962
1,2009-06-05,0,943.75
1,2009-06-08,0,956
1,2009-06-09,1,953.75
1,2009-06-10,0,947.5
1,2009-06-11,0,937.25
1,2009-06-12,0,932.25
1,2009-06-15,0,934
1,2009-06-16,1,930.5
1,2009-06-17,0,940.5
1,2009-06-18,1,935.25
1,2009-06-19,0,919.25
1,2009-06-22,0,920.75
1,2009-06-23,1,933.5
1,2009-06-24,1,937.25
1,2009-06-25,1,942
1,2009-06-26,1,935.5
1,2009-06-29,0,934.5
1,2009-06-30,0,929.5
1,2009-07-02,0,924.5
1,2009-07-06,0,924
1,2009-07-07,0,918
1,2009-07-08,0,911.75
1,2009-07-09,0,913
1,2009-07-10,1,908.5
1,2009-07-13,0,924.75
1,2009-07-14,1,938
1,2009-07-15,1,935
1,2009-07-16,0,937.5
1,2009-07-17,1,947.75
1,2009-07-21,1,948.25
1,2009-07-22,1,951.5
1,2009-07-24,1,955
1,2009-07-27,1,944.25
1,2009-07-28,0,931
1,2009-07-29,0,932.5
1,2009-07-30,1,939
1,2009-07-31,1,959.75
1,2009-08-03,1,960.5
1,2009-08-04,1,960.5
1,2009-08-05,0,964
1,2009-08-06,1,956
1,2009-08-07,0,945
1,2009-08-10,0,942.75
1,2009-08-11,0,947.25
1,2009-08-12,1,953.5
1,2009-08-13,1,953.5
1,2009-08-14,0,932.75
1,2009-08-17,0,935
1,2009-08-18,1,940.5
1,2009-08-20,1,952.5
1,2009-08-21,1,951.5
1,2009-08-24,0,950.5
1,2009-08-25,0,940.5
1,2009-08-26,0,943
1,2009-08-27,1,955.5
2,2009-08-28,1,955
2,2009-09-01,0,964.75
2,2009-09-02,1,983
2,2009-09-03,1,989
2,2009-09-04,1,1000.75
2,2009-09-08,1,999.5
2,2009-09-09,0,990.75
2,2009-09-10,0,1008.25
2,2009-09-11,1,999.25
2,2009-09-14,0,996
2,2009-09-15,0,1015.75
2,2009-09-16,1,1018.5
2,2009-09-17,1,1012
2,2009-09-18,0,1009.75
2,2009-09-24,0,991.5
2,2009-09-25,0,989.5
2,2009-09-29,0,1051.5
2,2009-10-09,1,1059.5
2,2009-10-14,1,1053.5
2,2009-10-15,0,1047.5
2,2009-10-16,0,1061.75
2,2009-10-20,1,1053.75
2,2009-10-21,0,1053
2,2009-10-22,0,1061.75
2,2009-10-23,1,1054
2,2009-10-26,0,1036.5
2,2009-10-27,0,1031.75
2,2009-10-28,0,1040.5
2,2009-10-29,1,1040
2,2009-10-30,0,1090
2,2009-11-04,1,1089
2,2009-11-05,0,1096.75
2,2009-11-06,1,1106.75
2,2009-11-09,1,1101.5
2,2009-11-10,0,1115.25
2,2009-11-11,1,1114.75
2,2009-11-12,0,1104
2,2009-11-13,0,1130
2,2009-11-16,1,1134.75
2,2009-11-17,1,1149
2,2009-11-18,1,1135.5
2,2009-11-19,0,1140
2,2009-11-20,1,1163.25
2,2009-11-24,1,1179.75
2,2009-11-25,1,1166.5
2,2009-11-27,0,1175.75
2,2009-11-30,1,1192.5
2,2009-12-01,1,1212.5
2,2009-12-02,1,1208.75
2,2009-12-03,0,1190.25
2,2009-12-04,0,1142.5
2,2009-12-07,0,1146.75
2,2009-12-08,1,1141
2,2009-12-09,0,1128.5
2,2009-12-10,0,1124
2,2009-12-11,0,1123.75
2,2009-12-14,0,1122
2,2009-12-15,0,1137.5
2,2009-12-16,1,1117
2,2009-12-17,0,1104.5
2,2009-12-18,0,1105.5
2,2009-12-21,1,1084
2,2009-12-22,0,1104.5
2,2009-12-24,1,1106
2,2009-12-29,1,1087.5
2,2009-12-30,0,1121.5
2,2010-01-04,1,1123.25
2,2010-01-05,1,1130
2,2010-01-06,1,1130.25
2,2010-01-07,1,1126.75
2,2010-01-08,0,1151.25
2,2010-01-12,1,1127.25
2,2010-01-13,0,1138.25
2,2010-01-14,1,1128
2,2010-01-15,0,1133
2,2010-01-19,1,1120.25
2,2010-01-20,0,1108.25
2,2010-01-21,0,1084
2,2010-01-22,0,1095.25
2,2010-01-25,1,1094.75
2,2010-01-27,0,1078.5
2,2010-01-29,0,1086.5
2,2010-02-01,1,1111
2,2010-02-02,1,1115.25
2,2010-02-03,1,1083.25
2,2010-02-04,0,1058
2,2010-02-05,0,1064
2,2010-02-08,1,1071.25
2,2010-02-09,1,1069.5
2,2010-02-10,0,1115.25
2,2010-02-22,1,1107
2,2010-02-23,0,1103
2,2010-02-24,0,1094.5
2,2010-02-25,0,1108.25
2,2010-02-26,1,1126.5
2,2010-03-02,1,1136.5
2,2010-03-03,1,1134.5
2,2010-03-04,0,1135
2,2010-03-05,1,1125.75
2,2010-03-08,0,1115.75
2,2010-03-09,0,1120.5
2,2010-03-10,1,1104
2,2010-03-11,0,1106.25
2,2010-03-12,1,1104.25
2,2010-03-15,0,1121.75
2,2010-03-17,1,1122.75
2,2010-03-18,1,1105.5
2,2010-03-19,0,1101.5
2,2010-03-23,0,1093
2,2010-03-25,0,1096.5
2,2010-03-26,1,1107.5
2,2010-03-29,1,1107
2,2010-03-30,0,1115.5
2,2010-03-31,1,1132.75
2,2010-04-06,1,1142
2,2010-04-07,1,1148
2,2010-04-08,1,1152.5
2,2010-04-09,1,1158.75
2,2010-04-12,1,1148.25
2,2010-04-13,0,1154.5
2,2010-04-15,1,1151.5
2,2010-04-16,0,1136.25
2,2010-04-19,0,1144.75
2,2010-04-20,1,1143
2,2010-04-21,0,1133.75
2,2010-04-22,0,1139.5
2,2010-04-23,1,1154.5
2,2010-04-26,1,1149.5
2,2010-04-27,0,1161
2,2010-04-28,1,1179.25
2,2010-04-30,1,1185.25
2,2010-05-06,1,1202.25
2,2010-05-07,1,1196.5
2,2010-05-10,0,1222.5
2,2010-05-11,1,1237.5
2,2010-05-12,1,1237.5
2,2010-05-13,0,1236.5
2,2010-05-14,0,1236
2,2010-05-17,0,1216.75
2,2010-05-18,0,1195
2,2010-05-19,0,1192
2,2010-05-20,0,1179.75
2,2010-05-21,0,1187
2,2010-05-24,1,1198.25
2,2010-05-25,1,1212
2,2010-05-26,1,1207.5
2,2010-05-28,0,1227.75
2,2010-06-01,1,1215
2,2010-06-02,0,1215
2,2010-06-03,0,1203.5
2,2010-06-04,0,1215
2,2010-06-07,1,1246
2,2010-06-08,1,1233.5
2,2010-06-09,0,1217.5
2,2010-06-10,0,1220
2,2010-06-11,1,1245
2,2010-06-17,1,1256
2,2010-06-18,1,1254.5
2,2010-06-21,0,1236
2,2010-06-22,0,1226.5
2,2010-06-23,0,1236.25
2,2010-06-24,1,1254
2,2010-06-25,1,1261
2,2010-06-28,1,1234.5
2,2010-06-29,0,1244
2,2010-06-30,1,1201.5
2,2010-07-02,0,1195
2,2010-07-06,0,1193.25
2,2010-07-07,0,1193.5
2,2010-07-08,1,1208.75
2,2010-07-09,1,1205.5
2,2010-07-12,0,1216
2,2010-07-13,1,1207
2,2010-07-14,0,1208
2,2010-07-15,1,1189.25
2,2010-07-16,0,1183
2,2010-07-20,0,1191.5
2,2010-07-21,1,1199.5
2,2010-07-22,1,1190.5
2,2010-07-23,0,1183.5
2,2010-07-26,0,1168
2,2010-07-27,0,1157
2,2010-07-28,0,1162.5
2,2010-07-29,1,1169
2,2010-07-30,1,1188.5
2,2010-08-02,1,1187.5
2,2010-08-03,0,1199.5
2,2010-08-04,1,1192.5
2,2010-08-05,0,1207.75
2,2010-08-06,1,1203
2,2010-08-09,0,1192.5
2,2010-08-10,0,1205.5
2,2010-08-11,1,1213
2,2010-08-12,1,1214.25
2,2010-08-13,1,1223.5
2,2010-08-16,1,1226
2,2010-08-17,1,1218
2,2010-08-18,0,1226
2,2010-08-23,1,1222
2,2010-08-24,0,1237.5
2,2010-08-25,1,1237
2,2010-08-26,0,1235
2,2010-08-27,0,1246
2,2010-08-31,1,1246.5
2,2010-09-01,1,1248.5
2,2010-09-02,1,1240.5
2,2010-09-03,0,1256.75
2,2010-09-07,1,1255
2,2010-09-08,0,1255
2,2010-09-09,0,1243.75
2,2010-09-13,0,1265.5
2,2010-09-14,1,1267
2,2010-09-15,1,1272.5
2,2010-09-16,1,1274
2,2010-09-17,1,1275
2,2010-09-21,1,1297
2,2010-09-27,1,1294
2,2010-09-28,0,1307.5
2,2010-09-29,1,1341.5
2,2010-10-08,1,1348.5
2,2010-10-12,1,1365.5
2,2010-10-13,1,1373.25
2,2010-10-14,1,1367.5
2,2010-10-15,0,1367.25
2,2010-10-18,0,1339
2,2010-10-19,0,1339
2,2010-10-20,0,1343.5
2,2010-10-21,1,1337.5
2,2010-10-25,0,1329.5
2,2010-10-26,0,1324.5
2,2010-10-27,0,1333.5
2,2010-10-28,1,1346.75
2,2010-10-29,1,1354.5
2,2010-11-01,1,1351
2,2010-11-02,0,1381
2,2010-11-04,1,1388.5
2,2010-11-08,1,1421
2,2010-11-09,1,1390.5
2,2010-11-10,0,1398.5
2,2010-11-11,1,1388.5
2,2010-11-12,0,1368.5
2,2010-11-15,0,1349
2,2010-11-16,0,1350.25
2,2010-11-18,1,1342.5
2,2010-11-19,0,1356.5
2,2010-11-22,1,1372.5
2,2010-11-24,1,1355
2,2010-11-26,0,1357
2,2010-11-29,1,1383.5
2,2010-11-30,1,1385.5
2,2010-12-01,1,1389
2,2010-12-02,1,1403.5
2,2010-12-03,1,1420
2,2010-12-07,1,1385.5
2,2010-12-08,0,1391.25
2,2010-12-09,1,1375.25
2,2010-12-10,0,1399
2,2010-12-13,1,1394.5
2,2010-12-14,0,1388.75
2,2010-12-15,0,1363
2,2010-12-16,0,1380
2,2010-12-20,1,1383
2,2010-12-21,1,1387
2,2010-12-22,1,1412.5
2,2010-12-29,1,1405.5
2,2010-12-30,0,1388.5
2,2011-01-04,0,1368
2,2011-01-05,0,1368.5
2,2011-01-06,1,1367
2,2011-01-07,0,1374
2,2011-01-11,1,1378.75
2,2011-01-12,1,1381.5
2,2011-01-13,1,1367
2,2011-01-14,0,1369.5
2,2011-01-18,1,1372
2,2011-01-19,1,1345.5
2,2011-01-20,0,1343.5
2,2011-01-21,0,1343
2,2011-01-24,0,1324
2,2011-01-25,0,1334.5
2,2011-01-27,1,1319
2,2011-01-28,0,1327
2,2011-01-31,1,1331.5
2,2011-02-01,1,1365
2,2011-02-09,1,1353.25
2,2011-02-10,0,1365
2,2011-02-14,1,1372.75
2,2011-02-15,1,1379
2,2011-02-17,1,1383.5
2,2011-02-18,1,1401
2,2011-02-22,1,1409.25
2,2011-02-23,1,1411.5
2,2011-02-24,1,1402.5
2,2011-02-25,0,1411
2,2011-02-28,1,1420.75
2,2011-03-01,1,1421.5
2,2011-03-03,1,1427
2,2011-03-04,1,1437.5
2,2011-03-07,1,1426.25
2,2011-03-08,0,1431
2,2011-03-09,1,1413.25
2,2011-03-10,0,1411.5
2,2011-03-11,0,1422.25
2,2011-03-14,1,1400.5
2,2011-03-15,0,1402
2,2011-03-16,1,1403.75
2,2011-03-17,1,1420
2,2011-03-18,1,1426
2,2011-03-22,1,1439.5
2,2011-03-23,1,1447
2,2011-03-24,1,1436
2,2011-03-25,0,1417
2,2011-03-28,0,1417.5
2,2011-03-29,1,1425.5
2,2011-03-30,1,1439
2,2011-03-31,1,1461.5
2,2011-04-06,1,1459.5
2,2011-04-07,0,1469.5
2,2011-04-08,1,1468
2,2011-04-11,0,1457.5
2,2011-04-13,0,1476.75
2,2011-04-15,1,1493
2,2011-04-18,1,1490.5
2,2011-04-19,0,1501
2,2011-04-20,1,1504
2,2011-04-21,1,1497.5
2,2011-04-26,0,1511
2,2011-04-27,1,1535.5
2,2011-04-28,1,1486.5
2,2011-05-06,0,1502
2,2011-05-09,1,1513.5
2,2011-05-10,1,1508
2,2011-05-11,0,1489.5
2,2011-05-12,0,1505.75
2,2011-05-13,1,1500.75
2,2011-05-16,0,1496.5
2,2011-05-18,0,1493
2,2011-05-19,0,1490.75
2,2011-05-20,0,1510.5
2,2011-05-23,1,1527
2,2011-05-24,1,1526.25
2,2011-05-25,0,1518.5
2,2011-05-26,0,1533
2,2011-05-27,1,1536.5
2,2011-05-31,1,1533.75
2,2011-06-01,0,1539.5
2,2011-06-02,1,1540
2,2011-06-03,1,1545
2,2011-06-07,1,1537.75
2,2011-06-08,0,1537.75
2,2011-06-09,0,1529.25
2,2011-06-10,0,1516
2,2011-06-14,0,1529.75
2,2011-06-15,1,1523.25
2,2011-06-16,0,1537.5
2,2011-06-17,1,1544
2,2011-06-20,1,1544.75
2,2011-06-21,1,1552.5
2,2011-06-22,1,1523
2,2011-06-23,0,1514.75
2,2011-06-24,0,1498
2,2011-06-27,0,1499
2,2011-06-28,1,1504.25
2,2011-06-29,1,1505.5
2,2011-06-30,1,1510
2,2011-07-05,1,1527.25
2,2011-07-06,1,1527.5
2,2011-07-07,1,1541.5
2,2011-07-08,1,1555.5
2,2011-07-11,1,1550.5
2,2011-07-12,0,1579
2,2011-07-13,1,1590.5
2,2011-07-14,1,1587
2,2011-07-15,0,1601
2,2011-07-19,1,1586
2,2011-07-20,0,1601
2,2011-07-21,1,1602
2,2011-07-22,1,1613.5
2,2011-07-25,1,1612.75
2,2011-07-26,0,1625
2,2011-07-27,1,1613.5
2,2011-07-28,0,1628.5
2,2011-07-29,1,1623
2,2011-08-01,0,1637.75
2,2011-08-02,1,1669.25
2,2011-08-03,1,1679.5
2,2011-08-04,1,1658.75
2,2011-08-05,0,1693
2,2011-08-08,1,1736
2,2011-08-09,1,1772
2,2011-08-10,1,1760
2,2011-08-11,0,1736
2,2011-08-12,0,1782.5
2,2011-08-16,1,1790
2,2011-08-17,1,1824
2,2011-08-18,1,1877.5
2,2011-08-22,1,1876
2,2011-08-23,0,1770
2,2011-08-24,0,1729
2,2011-08-25,0,1788
2,2011-08-26,1,1825
2,2011-08-30,1,1875.25
2,2011-09-02,1,1895
2,2011-09-06,1,1810
2,2011-09-07,0,1855
2,2011-09-08,1,1851
2,2011-09-09,0,1820
2,2011-09-13,0,1818.5
2,2011-09-14,0,1782
2,2011-09-15,0,1794
2,2011-09-16,1,1799
2,2011-09-20,1,1793
2,2011-09-21,0,1722
2,2011-09-22,0,1598
2,2011-09-26,0,1659
2,2011-09-27,1,1643
2,2011-09-28,0,1613
2,2011-09-29,0,1663
2,2011-10-11,1,1682
2,2011-10-12,1,1656
2,2011-10-13,0,1678
2,2011-10-14,1,1682
2,2011-10-17,1,1631
2,2011-10-18,0,1652.5
2,2011-10-19,1,1620
2,2011-10-20,0,1642.5
2,2011-10-21,1,1652
2,2011-10-24,1,1656
2,2011-10-25,1,1741
2,2011-10-28,1,1722
2,2011-10-31,0,1699
2,2011-11-01,0,1743
2,2011-11-02,1,1749
2,2011-11-04,1,1795
2,2011-11-08,1,1773
2,2011-11-11,0,1785
2,2011-11-15,1,1756
2,2011-11-16,0,1742.5
2,2011-11-17,0,1719
2,2011-11-18,0,1702
2,2011-11-21,0,1699
2,2011-11-22,0,1688.5
2,2011-11-25,0,1714
2,2011-11-28,1,1717
2,2011-11-29,1,1746
2,2011-11-30,1,1752
2,2011-12-01,1,1747
2,2011-12-02,0,1744
2,2011-12-05,0,1735.5
2,2011-12-07,0,1715
2,2011-12-08,0,1709
2,2011-12-09,0,1659.5
2,2011-12-12,0,1672.5
2,2011-12-13,1,1574
2,2011-12-15,0,1594
2,2011-12-16,1,1598
2,2011-12-19,1,1613.5
2,2011-12-20,1,1608
2,2011-12-21,0,1606.5
2,2011-12-22,0,1571
2,2011-12-28,0,1531
2,2011-12-29,0,1574.5
2,2011-12-30,1,1613
2,2012-01-04,1,1599
2,2012-01-05,0,1616.5
2,2012-01-06,1,1637
2,2012-01-10,1,1634.5
2,2012-01-11,0,1661
2,2012-01-12,1,1635.5
2,2012-01-13,0,1656
2,2012-01-17,1,1647
2,2012-01-18,0,1655
2,2012-01-19,1,1729
2,2012-01-30,1,1744
2,2012-01-31,1,1740
2,2012-02-01,0,1751
2,2012-02-02,1,1734
2,2012-02-03,0,1719
2,2012-02-06,0,1724
2,2012-02-07,1,1746
2,2012-02-08,1,1748
2,2012-02-09,1,1711.5
2,2012-02-10,0,1720
2,2012-02-13,1,1722
2,2012-02-14,1,1733
2,2012-02-15,1,1723
2,2012-02-17,0,1748
2,2012-02-21,1,1752
2,2012-02-22,1,1777
2,2012-02-23,1,1777.5
2,2012-02-24,1,1772
2,2012-02-27,0,1781
2,2012-02-28,1,1770
2,2012-02-29,0,1714
2,2012-03-01,0,1707
2,2012-03-02,0,1705
2,2012-03-05,0,1669
2,2012-03-06,0,1677.5
2,2012-03-07,1,1687.5
2,2012-03-09,1,1697.5
2,2012-03-12,1,1690
2,2012-03-13,0,1644.25
2,2012-03-14,0,1648
2,2012-03-15,1,1658
2,2012-03-16,1,1661.5
2,2012-03-19,1,1649.25
2,2012-03-21,0,1680.25
2,2012-03-26,1,1692
2,2012-03-27,1,1676
2,2012-03-28,0,1657.5
2,2012-03-29,0,1662.5
2,2012-03-30,1,1658
2,2012-04-11,0,1668.5
2,2012-04-12,1,1666.5
2,2012-04-13,0,1653
2,2012-04-16,0,1635.5
2,2012-04-17,0,1644
2,2012-04-18,1,1650
2,2012-04-19,1,1641.5
2,2012-04-20,0,1629
2,2012-04-23,0,1649.5
2,2012-04-24,1,1637.75
2,2012-04-25,0,1653.5
2,2012-04-26,1,1663.5
2,2012-04-27,1,1648
2,2012-05-02,0,1602.5
2,2012-05-08,0,1582.5
2,2012-05-09,0,1598.5
2,2012-05-10,1,1583
2,2012-05-11,0,1558.5
2,2012-05-14,0,1556.5
2,2012-05-15,0,1548.5
2,2012-05-16,0,1554
2,2012-05-17,1,1589.5
2,2012-05-18,1,1592.5
2,2012-05-21,1,1582.5
2,2012-05-22,0,1549
2,2012-05-23,0,1569.5
2,2012-05-25,1,1579.5
2,2012-05-29,1,1540
2,2012-05-30,0,1558
2,2012-05-31,1,1606
2,2012-06-01,1,1635
2,2012-06-06,1,1606
2,2012-06-07,0,1576.5
2,2012-06-08,0,1584
2,2012-06-11,1,1603.5
2,2012-06-12,1,1619.5
2,2012-06-13,1,1613.5
2,2012-06-14,0,1627.25
2,2012-06-15,1,1615.5
2,2012-06-18,0,1625.5
2,2012-06-19,1,1601
2,2012-06-20,0,1582
2,2012-06-21,0,1570
2,2012-06-25,0,1576
2,2012-06-26,1,1573.5
2,2012-06-27,0,1558.5
2,2012-06-28,0,1598.5
2,2012-06-29,1,1617.5
2,2012-07-03,1,1604
2,2012-07-05,0,1587
2,2012-07-06,0,1585
2,2012-07-09,0,1595.25
2,2012-07-10,1,1577
2,2012-07-11,0,1556.25
2,2012-07-12,0,1595.5
2,2012-07-13,1,1585.25
2,2012-07-17,0,1576.25
2,2012-07-20,0,1572.25
2,2012-07-23,0,1583.25
2,2012-07-24,1,1601
2,2012-07-25,1,1618
2,2012-07-26,1,1618.25
2,2012-07-27,1,1617.75
2,2012-07-30,0,1622
2,2012-07-31,1,1599
2,2012-08-01,0,1597
2,2012-08-02,0,1602
2,2012-08-03,1,1610
2,2012-08-06,1,1611
2,2012-08-07,1,1613.25
2,2012-08-08,1,1615
2,2012-08-09,1,1618.5
2,2012-08-10,1,1622.5
2,2012-08-13,1,1597.75
2,2012-08-14,0,1604.5
2,2012-08-16,1,1614.75
2,2012-08-17,1,1639.5
2,2012-08-21,1,1642
2,2012-08-22,1,1665.25
2,2012-08-23,1,1667
2,2012-08-24,1,1668
2,2012-08-28,1,1660
2,2012-08-29,0,1660.5
2,2012-08-30,1,1648.5
2,2012-08-31,0,1697
2,2012-09-04,1,1690
2,2012-09-05,0,1701
2,2012-09-06,1,1728
2,2012-09-07,1,1732
2,2012-09-10,1,1736.75
2,2012-09-11,1,1737
2,2012-09-12,1,1733.25
2,2012-09-13,0,1775.5
2,2012-09-14,1,1769.5
2,2012-09-18,0,1758.5
2,2012-09-20,0,1784.5
2,2012-09-21,1,1762.5
2,2012-09-24,0,1771.5
2,2012-09-25,1,1744.75
2,2012-09-26,0,1763
2,2012-09-27,1,1776
2,2012-09-28,1,1774
2,2012-10-09,0,1761.25
2,2012-10-10,0,1769
2,2012-10-11,1,1766.75
2,2012-10-12,0,1736
2,2012-10-15,0,1746.5
2,2012-10-16,1,1749
2,2012-10-17,1,1743
2,2012-10-18,0,1737
2,2012-10-19,0,1726.75
2,2012-10-22,0,1711
2,2012-10-23,0,1715.5
2,2012-10-25,1,1719
2,2012-10-31,1,1716.25
2,2012-11-01,0,1685
2,2012-11-02,0,1683.5
2,2012-11-05,0,1691
2,2012-11-06,1,1715.25
2,2012-11-07,1,1717
2,2012-11-08,1,1738.25
2,2012-11-09,1,1735.25
2,2012-11-12,0,1710
2,2012-11-15,0,1713.5
2,2012-11-16,1,1732.25
2,2012-11-20,1,1724
2,2012-11-21,0,1750.5
2,2012-11-26,1,1746.25
2,2012-11-27,0,1725
2,2012-11-29,0,1726
2,2012-11-30,1,1720
2,2012-12-03,0,1697.75
2,2012-12-04,0,1694
2,2012-12-05,0,1694.25
2,2012-12-06,1,1701.5
2,2012-12-07,1,1712.5
2,2012-12-10,1,1710
2,2012-12-11,0,1716.25
2,2012-12-12,1,1692.75
2,2012-12-13,0,1696.25
2,2012-12-14,1,1695.75
2,2012-12-17,0,1694
2,2012-12-18,0,1665
2,2012-12-19,0,1650.5
2,2012-12-20,0,1651.5
2,2012-12-21,1,1655.5
2,2012-12-27,1,1657.5
2,2012-12-28,1,1648
2,2013-01-04,0,1645.25
2,2013-01-07,0,1656
2,2013-01-08,1,1657.75
2,2013-01-09,1,1675
2,2013-01-10,1,1657.5
2,2013-01-11,0,1676.25
2,2013-01-16,1,1675
2,2013-01-17,0,1688.5
2,2013-01-18,1,1690.5
2,2013-01-22,1,1690.25
2,2013-01-23,0,1671
2,2013-01-24,0,1656.5
2,2013-01-28,0,1663.5
2,2013-01-29,1,1677.5
2,2013-01-30,1,1664.75
2,2013-01-31,0,1669
2,2013-02-01,1,1666
2,2013-02-04,0,1673.5
2,2013-02-05,1,1674.25
2,2013-02-06,1,1668
2,2013-02-07,0,1668.25
2,2013-02-08,1,1588.5
2,2013-02-20,0,1577
2,2013-02-21,0,1576.5
2,2013-02-22,0,1586.25
2,2013-02-25,1,1590.5
2,2013-02-26,1,1604.25
2,2013-02-27,1,1588.5
2,2013-02-28,0,1582.25
2,2013-03-01,0,1574.25
2,2013-03-04,0,1579.75
2,2013-03-05,1,1574
2,2013-03-06,0,1579.5
2,2013-03-07,1,1581.75
2,2013-03-08,1,1579
2,2013-03-11,0,1594
2,2013-03-12,1,1589.25
2,2013-03-13,0,1586
2,2013-03-14,0,1595.5
2,2013-03-15,1,1603.75
2,2013-03-18,1,1610.75
2,2013-03-19,1,1613.75
2,2013-03-21,1,1607.75
2,2013-03-22,0,1599.25
2,2013-03-25,0,1598
2,2013-03-26,0,1598.25
2,2013-03-28,1,1583.5
2,2013-04-02,0,1574.75
2,2013-04-03,0,1575
2,2013-04-08,1,1577.25
2,2013-04-09,1,1575
2,2013-04-10,0,1535.5
2,2013-04-12,0,1395
2,2013-04-15,0,1380
2,2013-04-16,0,1392
2,2013-04-17,1,1393.75
2,2013-04-18,1,1424.5
2,2013-04-22,1,1408
2,2013-04-23,0,1451
2,2013-04-25,1,1471.5
2,2013-04-26,1,1469.25
2,2013-05-02,0,1444.25
2,2013-05-07,0,1465.5
2,2013-05-09,1,1426.5
2,2013-05-10,0,1430.75
2,2013-05-13,1,1433.75
2,2013-05-14,1,1410
2,2013-05-15,0,1381
2,2013-05-16,0,1368.75
2,2013-05-17,0,1354.75
2,2013-05-20,0,1360.75
2,2013-05-21,1,1408.5
2,2013-05-22,1,1380.5
2,2013-05-23,0,1390.25
2,2013-05-24,1,1376.5
2,2013-05-28,0,1382.5
3,2013-05-29,1,1413.5
3,2013-05-30,1,1394.5
3,2013-05-31,0,1402.5
3,2013-06-03,1,1399.5
3,2013-06-04,0,1404
3,2013-06-05,1,1400
3,2013-06-06,0,1386
3,2013-06-07,0,1385
3,2013-06-13,0,1391.25
3,2013-06-14,1,1384.75
3,2013-06-17,0,1366.75
3,2013-06-18,0,1372.75
3,2013-06-19,1,1292.5
3,2013-06-20,0,1295.25
3,2013-06-21,1,1286.75
3,2013-06-24,0,1279
3,2013-06-25,0,1236.25
3,2013-06-26,0,1232.75
3,2013-06-27,0,1192
3,2013-06-28,0,1252.5
3,2013-07-02,1,1250
3,2013-07-03,0,1212.75
3,2013-07-05,0,1235.25
3,2013-07-08,1,1255.5
3,2013-07-09,1,1256
3,2013-07-10,1,1285
3,2013-07-11,1,1279.75
3,2013-07-12,0,1291.5
3,2013-07-16,1,1297.25
3,2013-07-17,1,1283.25
3,2013-07-18,0,1295.75
3,2013-07-19,1,1327
3,2013-07-22,1,1333.5
3,2013-07-23,1,1335
3,2013-07-24,1,1326
3,2013-07-25,0,1331
3,2013-07-26,1,1329.75
3,2013-07-29,0,1324.1500000000001
3,2013-07-30,0,1314.5
3,2013-07-31,0,1315
3,2013-08-01,1,1309.25
3,2013-08-02,0,1304.75
3,2013-08-05,0,1280.5
3,2013-08-06,0,1282.5
3,2013-08-07,1,1298.25
3,2013-08-08,1,1341
3,2013-08-12,1,1328.5
3,2013-08-13,0,1326.5
3,2013-08-14,0,1369.25
3,2013-08-16,1,1365
3,2013-08-19,0,1372.5
3,2013-08-20,1,1363
3,2013-08-21,0,1375.5
3,2013-08-22,1,1377.5
3,2013-08-23,1,1419.25
3,2013-08-27,1,1419.5
3,2013-08-28,1,1407.75
3,2013-08-29,0,1394.75
3,2013-08-30,0,1399.5
3,2013-09-03,1,1390
3,2013-09-04,0,1385
3,2013-09-05,0,1387
3,2013-09-06,1,1358.25
3,2013-09-10,0,1363.75
3,2013-09-11,1,1328
3,2013-09-12,0,1318.5
3,2013-09-13,0,1312.25
3,2013-09-17,0,1301
3,2013-09-18,0,1314.25
3,2013-09-24,1,1322.75
3,2013-09-25,1,1333
3,2013-09-26,1,1341
3,2013-09-27,1,1326.5
3,2013-09-30,0,1329.5
3,2013-10-08,1,1304
3,2013-10-09,0,1298.5
3,2013-10-10,0,1265.5
3,2013-10-11,0,1270.5
3,2013-10-15,1,1319.25
3,2013-10-17,1,1316.5
3,2013-10-18,0,1317.5
3,2013-10-21,1,1333
3,2013-10-22,1,1331.25
3,2013-10-23,0,1344.75
3,2013-10-24,1,1347.75
3,2013-10-25,1,1361
3,2013-10-28,1,1349.25
3,2013-10-29,0,1354.75
3,2013-10-30,1,1324
3,2013-10-31,0,1306.75
3,2013-11-01,0,1307.25
3,2013-11-05,1,1319
3,2013-11-06,1,1307.25
3,2013-11-07,0,1285.5
3,2013-11-08,0,1282.5
3,2013-11-11,0,1281.25
3,2013-11-12,0,1272.5
3,2013-11-13,0,1286
3,2013-11-14,1,1283.5
3,2013-11-18,0,1275.75
3,2013-11-19,0,1257
3,2013-11-20,0,1240
3,2013-11-21,0,1246.25
3,2013-11-22,1,1243
3,2013-11-25,0,1247.5
3,2013-11-26,1,1245
3,2013-11-27,0,1253
3,2013-11-29,1,1229.5
3,2013-12-02,0,1217.25
3,2013-12-03,0,1227.5
3,2013-12-04,1,1222.5
3,2013-12-05,0,1233
3,2013-12-06,1,1237
3,2013-12-09,1,1266.25
3,2013-12-10,1,1260.75
3,2013-12-11,0,1225.25
3,2013-12-12,0,1232
3,2013-12-13,1,1234.75
3,2013-12-16,1,1231.75
3,2013-12-17,0,1230.5
3,2013-12-18,0,1196
3,2013-12-19,0,1195.25
3,2013-12-20,0,1196.5
3,2013-12-24,1,1214.5
3,2013-12-27,1,1204.5
3,2013-12-30,0,1246.25
3,2014-01-06,1,1227.5
3,2014-01-07,0,1221
3,2014-01-08,0,1226
3,2014-01-09,1,1244.25
3,2014-01-10,1,1236
3,2014-01-15,0,1241.5
3,2014-01-16,1,1250
3,2014-01-17,1,1238
3,2014-01-21,0,1241
3,2014-01-22,1,1263
3,2014-01-23,1,1267
3,2014-01-24,1,1260.5
3,2014-01-27,0,1251.25
3,2014-01-28,0,1264
3,2014-01-29,1,1242.5
3,2014-01-30,0,1259.25
3,2014-02-07,1,1277
3,2014-02-10,1,1296
3,2014-02-13,1,1320
3,2014-02-14,1,1320.75
3,2014-02-18,1,1316.25
3,2014-02-20,0,1323.25
3,2014-02-21,1,1334.75
3,2014-02-24,1,1339
3,2014-02-25,1,1349.5
3,2014-03-03,1,1334.75
3,2014-03-04,0,1344
3,2014-03-10,1,1346.25
3,2014-03-11,1,1366
3,2014-03-12,1,1368.75
3,2014-03-13,1,1385
3,2014-03-14,1,1355.75
3,2014-03-18,0,1338
3,2014-03-19,0,1327
3,2014-03-20,0,1310.75
3,2014-03-24,0,1313.5
3,2014-03-25,1,1304
3,2014-03-26,0,1296
3,2014-03-27,0,1294.75
3,2014-03-28,0,1297.25
3,2014-04-04,1,1301.75
3,2014-04-09,1,1320.5
3,2014-04-10,1,1318
3,2014-04-11,0,1298
3,2014-04-15,0,1301.5
3,2014-04-16,1,1299
3,2014-04-17,0,1286.75
3,2014-04-22,0,1285.25
3,2014-04-23,0,1301.25
3,2014-04-25,1,1299
3,2014-04-28,0,1288.5
3,2014-04-30,0,1296
3,2014-05-07,1,1287
3,2014-05-08,0,1291.25
3,2014-05-09,1,1296.5
3,2014-05-13,1,1299
3,2014-05-15,1,1291.5
3,2014-05-16,0,1302
3,2014-05-19,1,1295.5
3,2014-05-20,0,1287.25
3,2014-05-21,0,1298.5
3,2014-05-22,1,1291.5
3,2014-05-23,0,1275.5
3,2014-05-27,0,1263.5
3,2014-05-28,0,1255
3,2014-05-29,0,1250.5
3,2014-05-30,0,1242.75
3,2014-06-03,0,1245.25
3,2014-06-04,1,1252.5
3,2014-06-05,1,1247.5
3,2014-06-06,0,1253.5
3,2014-06-09,1,1259.5
3,2014-06-10,1,1262
3,2014-06-11,1,1265.75
3,2014-06-12,1,1273
3,2014-06-13,1,1276.25
3,2014-06-16,1,1267.5
3,2014-06-17,0,1269.75
3,2014-06-18,1,1293
3,2014-06-19,1,1312.5
3,2014-06-20,1,1313.5
3,2014-06-23,1,1318.5
3,2014-06-24,1,1316.75
3,2014-06-25,0,1317.5
3,2014-06-27,1,1315
3,2014-06-30,0,1327.5
3,2014-07-01,1,1326.5
3,2014-07-02,0,1317.5
3,2014-07-03,0,1313
3,2014-07-07,0,1323
3,2014-07-08,1,1322.75
3,2014-07-09,0,1340.25
3,2014-07-10,1,1306
3,2014-07-14,0,1310
3,2014-07-15,1,1301
3,2014-07-16,0,1302.5
3,2014-07-17,1,1307.25
3,2014-07-18,1,1310.25
3,2014-07-22,1,1308
3,2014-07-23,0,1292.75
3,2014-07-24,0,1294.75
3,2014-07-25,1,1304.5
3,2014-07-28,1,1285.25
3,2014-07-31,0,1291.25
3,2014-08-01,1,1290.5
3,2014-08-04,0,1305.25
3,2014-08-07,1,1309.75
3,2014-08-08,1,1315.75
3,2014-08-12,1,1312
3,2014-08-13,0,1313.5
3,2014-08-14,1,1296.5
3,2014-08-19,0,1295
3,2014-08-20,0,1277.25
3,2014-08-22,0,1286
3,2014-08-26,1,1282.75
3,2014-08-27,0,1292
3,2014-08-28,1,1267
3,2014-09-02,0,1265.5
3,2014-09-03,0,1271.5
3,2014-09-04,1,1266
3,2014-09-05,0,1255.75
3,2014-09-09,0,1251
3,2014-09-10,0,1241.25
3,2014-09-11,0,1231.5
3,2014-09-12,0,1232.25
3,2014-09-16,1,1236
3,2014-09-17,1,1220.5
3,2014-09-18,0,1219.75
3,2014-09-19,0,1213.5
3,2014-09-22,0,1217.25
3,2014-09-24,1,1213.75
3,2014-09-25,0,1213.75
3,2014-09-26,0,1219.5
3,2014-09-29,1,1216.5
3,2014-09-30,0,1217
3,2014-10-08,1,1226.75
3,2014-10-09,1,1234.75
3,2014-10-14,1,1237.75
3,2014-10-16,1,1234.25
3,2014-10-17,0,1244.5
3,2014-10-20,1,1250.25
3,2014-10-21,1,1243.75
3,2014-10-22,0,1228.75
3,2014-10-27,0,1229.25
3,2014-10-28,1,1223.5
3,2014-10-29,0,1202
3,2014-10-30,0,1164.25
3,2014-10-31,0,1142
3,2014-11-05,0,1154.5
3,2014-11-07,1,1162
3,2014-11-10,1,1156.5
3,2014-11-11,0,1164.5
3,2014-11-12,1,1161.75
3,2014-11-13,0,1169
3,2014-11-14,1,1182.5
3,2014-11-17,1,1192.75
3,2014-11-18,1,1196
3,2014-11-19,1,1190
3,2014-11-20,0,1203.75
3,2014-11-21,1,1199
3,2014-11-25,0,1197.5
3,2014-11-26,0,1182.75
3,2014-11-28,0,1194
3,2014-12-01,1,1204.75
3,2014-12-03,1,1209
3,2014-12-04,1,1194
3,2014-12-05,0,1193
3,2014-12-08,0,1227
3,2014-12-09,1,1229
3,2014-12-10,1,1216.25
3,2014-12-11,0,1217
3,2014-12-12,1,1209.25
3,2014-12-15,0,1202.5
3,2014-12-16,0,1195.75
3,2014-12-17,0,1199
3,2014-12-18,1,1195.5
3,2014-12-19,0,1195.25
3,2014-12-22,0,1177
3,2014-12-24,0,1185.5
3,2014-12-29,1,1206
3,2014-12-30,1,1200
3,2015-01-05,0,1210.25
3,2015-01-06,1,1210.5
3,2015-01-07,1,1215.5
3,2015-01-08,1,1217.75
3,2015-01-09,1,1231.5
3,2015-01-13,1,1235
3,2015-01-14,1,1259
3,2015-01-15,1,1277.5
3,2015-01-16,1,1288.75
3,2015-01-20,1,1293.5
3,2015-01-21,1,1295.75
3,2015-01-22,1,1294.75
3,2015-01-23,0,1288.5
3,2015-01-27,0,1288
3,2015-01-28,0,1268.75
3,2015-01-29,0,1260.25
3,2015-01-30,0,1272.5
3,2015-02-02,1,1264.25
3,2015-03-03,1,1199.5
3,2015-03-04,0,1202
3,2015-03-05,1,1168.5
3,2015-03-09,0,1162
3,2015-03-10,0,1150
3,2015-03-11,0,1152.25
3,2015-03-12,1,1152
3,2015-03-13,0,1150.75
3,2015-03-16,0,1150.75
3,2015-03-17,0,1147.25
3,2015-03-18,0,1166
3,2015-03-19,1,1183.0999999999999
3,2015-03-20,1,1186.25
3,2015-03-23,1,1191.5
3,2015-03-24,1,1195.5999999999999
3,2015-03-25,1,1203.1500000000001
3,2015-03-26,1,1195.75
3,2015-03-27,0,1185.5
3,2015-03-30,0,1187
3,2015-03-31,1,1211
3,2015-04-07,1,1207.25
3,2015-04-08,0,1194.8
3,2015-04-09,0,1207.3499999999999
3,2015-04-10,1,1198.9000000000001
3,2015-04-13,0,1192.9000000000001
3,2015-04-15,0,1204.3499999999999
3,2015-04-16,1,1203.3499999999999
3,2015-04-17,0,1196.5
3,2015-04-20,0,1195.3
3,2015-04-21,0,1189.25
3,2015-04-22,0,1185.75
3,2015-04-23,0,1183
3,2015-04-24,0,1200
3,2015-04-27,1,1209
3,2015-04-28,1,1180.25
3,2015-04-30,0,1187
3,2015-05-07,1,1186
3,2015-06-02,0,1190
3,2015-06-03,0,1176
3,2015-06-04,0,1164.5999999999999
3,2015-06-05,0,1172.8
3,2015-06-08,1,1177.4000000000001
3,2015-06-09,1,1188.5
3,2015-06-10,1,1178.5
3,2015-06-11,0,1182.8
3,2015-06-12,1,1181.4000000000001
3,2015-06-15,0,1177.75
3,2015-06-16,0,1178
3,2015-06-17,1,1201.8499999999999
3,2015-06-18,1,1203.4000000000001
3,2015-06-19,1,1178
3,2015-06-23,0,1173.75
3,2015-06-24,0,1172.6500000000001
3,2015-06-25,0,1170.5
3,2015-06-26,0,1176
3,2015-06-29,1,1171
3,2015-06-30,0,1168
3,2015-07-01,0,1165.25
3,2015-07-02,0,1166
3,2015-07-06,1,1156.25
3,2015-07-07,0,1158.5
3,2015-07-08,1,1164.25
3,2015-07-09,1,1159.3
3,2015-07-10,0,1154
3,2015-07-13,0,1157.4000000000001
3,2015-07-14,1,1147.4000000000001
3,2015-07-15,0,1144.4000000000001
3,2015-07-16,0,1132.8
3,2015-07-17,0,1105.5999999999999
3,2015-07-21,0,1088.5999999999999
3,2015-07-22,0,1097.4000000000001
3,2015-07-23,1,1080.8
3,2015-07-24,0,1100
3,2015-07-27,1,1096.2
3,2015-07-28,0,1090.25
3,2015-07-29,0,1087.5
3,2015-07-30,0,1098.4000000000001
3,2015-07-31,1,1091.9000000000001
3,2015-08-03,0,1090.6500000000001
3,2015-08-04,0,1085.0999999999999
3,2015-08-05,0,1089.75
3,2015-08-06,1,1093.5
3,2015-08-07,1,1097
3,2015-08-10,1,1108.25
3,2015-08-11,1,1119
3,2015-08-12,1,1116.75
3,2015-08-13,0,1118.25
3,2015-08-14,1,1118.8
3,2015-08-17,1,1126.1500000000001
3,2015-08-19,1,1147.7
3,2015-08-20,1,1156.5
3,2015-08-21,1,1166.5
3,2015-08-24,1,1137.5
3,2015-08-25,0,1120.75
3,2015-08-26,0,1119
3,2015-08-27,0,1135
3,2015-08-28,1,1142.3
3,2015-09-01,1,1137.75
3,2015-10-09,1,1165.2
3,2015-10-13,1,1173.9000000000001
3,2015-10-14,1,1184.25
3,2015-10-15,1,1180.8499999999999
3,2015-10-16,0,1175.4000000000001
3,2015-10-19,0,1177.75
3,2015-10-20,1,1167.0999999999999
3,2015-10-21,0,1161.25
3,2015-10-23,0,1166.4000000000001
3,2015-10-26,1,1165.7
3,2015-10-27,0,1179.5999999999999
3,2015-10-28,1,1148.5999999999999
3,2015-10-29,0,1142.3499999999999
3,2015-10-30,0,1134
3,2015-11-02,0,1114.7
3,2015-11-04,0,1106.3
3,2015-11-05,0,1088.9000000000001
3,2015-11-06,0,1089.5999999999999
3,2015-11-09,1,1087.0999999999999
3,2015-11-10,0,1081.5
3,2015-11-13,0,1084.75
3,2015-11-16,1,1079.2
3,2015-11-17,0,1067.75
3,2015-11-18,0,1082.5999999999999
3,2015-11-19,1,1081.75
3,2015-11-20,0,1076.4000000000001
3,2015-11-24,0,1061.9000000000001
3,2015-11-30,0,1065.4000000000001
3,2015-12-01,1,1055.4000000000001
3,2015-12-02,0,1055.45
3,2015-12-03,1,1079.25
3,2015-12-04,1,1075.8
3,2015-12-07,0,1072.0999999999999
3,2015-12-08,0,1081
3,2015-12-09,1,1071
3,2015-12-10,0,1072.5
3,2015-12-11,1,1068.25
3,2015-12-14,0,1061.5
3,2015-12-15,0,1075.25
3,2015-12-16,1,1049.4000000000001
3,2015-12-17,0,1062.5
3,2015-12-18,1,1078.75
3,2015-12-21,1,1074.9000000000001
3,2015-12-22,0,1070.0999999999999
3,2015-12-29,0,1060
3,2015-12-30,0,1082.25
3,2016-01-04,1,1077
3,2016-01-05,0,1091.4000000000001
3,2016-01-06,1,1106.3499999999999
3,2016-01-07,1,1101.8499999999999
3,2016-01-08,0,1085.4000000000001
3,2016-01-12,0,1088.1500000000001
3,2016-01-13,1,1088.4000000000001
3,2016-01-14,1,1093.75
3,2016-01-15,1,1086.25
3,2016-01-19,0,1101.75
3,2016-01-20,1,1096.5
3,2016-01-21,0,1096.25
3,2016-01-22,0,1106.5999999999999
3,2016-01-25,1,1116.25
3,2016-01-27,1,1114
3,2016-01-28,0,1111.8
3,2016-01-29,0,1126.5
3,2016-02-01,1,1128.5
3,2016-02-02,1,1132
3,2016-02-03,1,1156.3499999999999
3,2016-02-04,1,1150.3499999999999
3,2016-02-05,0,1209.5
3,2016-02-16,1,1210
3,2016-02-17,1,1210.0999999999999
3,2016-02-18,1,1211
3,2016-02-22,1,1221.3499999999999
3,2016-02-23,1,1250.75
3,2016-02-24,1,1236
3,2016-02-25,0,1226.5
3,2016-02-26,0,1234.9000000000001
3,2016-02-29,1,1236.5
3,2016-03-01,1,1239.2
3,2016-03-02,1,1250.25
3,2016-03-03,1,1277.5
3,2016-03-04,1,1267
3,2016-03-08,0,1246.4000000000001
3,2016-03-09,0,1266.5
3,2016-03-10,1,1264.75
3,2016-03-11,0,1242.75
3,2016-03-14,0,1232
3,2016-03-15,0,1228.5
3,2016-03-16,0,1266.5
3,2016-03-17,1,1252.0999999999999
3,2016-03-18,0,1252.5
3,2016-03-22,1,1217.5999999999999
3,2016-03-23,0,1226
3,2016-03-29,1,1236.25
3,2016-03-30,1,1237
3,2016-03-31,1,1231.25
3,2016-04-05,0,1221.4000000000001
3,2016-04-06,0,1242.0999999999999
3,2016-04-07,1,1254.75
3,2016-04-11,1,1254.5999999999999
3,2016-04-12,0,1245.75
3,2016-04-13,0,1234.3
3,2016-04-18,0,1252
3,2016-04-20,1,1249.25
3,2016-04-21,0,1243.25
3,2016-04-22,0,1238.9000000000001
3,2016-04-25,0,1241.7
3,2016-04-26,1,1247.4000000000001
3,2016-04-27,1,1256
3,2016-04-28,1,1289
3,2016-05-06,1,1265.25
3,2016-05-09,0,1262.8
3,2016-05-10,0,1276.8499999999999
3,2016-05-11,1,1279.25
3,2016-05-12,1,1265.9000000000001
3,2016-05-13,0,1285.75
3,2016-05-16,1,1277
3,2016-05-17,0,1272.9000000000001
3,2016-05-18,0,1246.25
3,2016-05-19,0,1254.2
3,2016-05-20,1,1245.9000000000001
3,2016-05-23,0,1236.8499999999999
3,2016-05-24,0,1220.5999999999999
3,2016-05-25,0,1223.8499999999999
3,2016-05-26,1,1216.25
3,2016-05-27,0,1214.5
3,2016-06-01,0,1212.4000000000001
3,2016-06-02,0,1240.5
3,2016-06-03,1,1244
3,2016-06-06,1,1241
3,2016-06-07,0,1263
3,2016-06-08,1,1280.8
3,2016-06-13,1,1287.1500000000001
3,2016-06-14,1,1283.3
3,2016-06-15,0,1310.75
3,2016-06-16,1,1290.7
3,2016-06-17,0,1281.8
3,2016-06-20,0,1272.5999999999999
3,2016-06-21,0,1264.8499999999999
3,2016-06-22,0,1262.1500000000001
3,2016-06-23,0,1315.5
3,2016-06-24,1,1324.55
3,2016-06-27,1,1309.7
3,2016-06-28,0,1321.5
3,2016-06-29,1,1320.75
3,2016-06-30,0,1350.75
3,2016-07-05,1,1366.25
3,2016-07-06,1,1356.7
3,2016-07-07,0,1354.25
3,2016-07-08,0,1357.0999999999999
3,2016-07-11,1,1342.4000000000001
3,2016-07-12,0,1342.75
3,2016-07-13,1,1323.5999999999999
3,2016-07-14,0,1327
3,2016-07-15,1,1330.9000000000001
3,2016-07-19,1,1315.9000000000001
3,2016-07-20,0,1321.1500000000001
3,2016-07-21,1,1320.75
3,2016-07-22,0,1313.1500000000001
3,2016-07-25,0,1323
3,2016-07-26,1,1329
3,2016-07-27,1,1341.75
3,2016-07-28,1,1342
3,2016-07-29,1,1349.6500000000001
3,2016-08-01,1,1363.75
3,2016-08-02,1,1358.9000000000001
3,2016-08-03,0,1362.75
3,2016-08-04,1,1340.4000000000001
3,2016-08-05,0,1336.8
3,2016-08-08,0,1341
3,2016-08-09,1,1347.7
3,2016-08-10,1,1352.2
3,2016-08-12,1,1344
3,2016-08-16,0,1350.05
3,2016-08-18,1,1346.4000000000001
3,2016-08-19,0,1335.9000000000001
3,2016-08-22,0,1342
3,2016-08-23,1,1327.25
3,2016-08-24,0,1321.3
3,2016-08-25,0,1318.75
3,2016-08-26,0,1318.1500000000001
3,2016-08-30,0,1309.25
3,2016-08-31,0,1309.5
3,2016-09-01,1,1324.7
3,2016-09-02,1,1337.25
3,2016-09-06,1,1348.3499999999999
3,2016-09-07,1,1343.4000000000001
3,2016-09-08,0,1330.8499999999999
3,2016-09-09,0,1321.75
3,2016-09-14,0,1313.8
3,2016-09-20,0,1326.0999999999999
3,2016-09-21,1,1338.6500000000001
3,2016-09-23,1,1340.5
3,2016-09-26,1,1327
3,2016-09-27,0,1322.5
3,2016-09-28,0,1318.0999999999999
3,2016-09-29,0,1261.05
3,2016-10-13,0,1251.75
3,2016-10-14,0,1254.8
3,2016-10-17,1,1258.2
3,2016-10-18,1,1269.05
3,2016-10-19,1,1271.6500000000001
3,2016-10-20,1,1265.55
3,2016-10-24,0,1269.4000000000001
3,2016-10-25,1,1270.5
3,2016-10-26,1,1266.25
3,2016-10-27,0,1288.45
3,2016-11-01,1,1303.75
3,2016-11-02,1,1302.8
3,2016-11-04,0,1283.05
3,2016-11-07,0,1282.3499999999999
3,2016-11-08,0,1281.4000000000001
3,2016-11-09,0,1267.5
3,2016-11-10,0,1236.45
3,2016-11-11,0,1226.95
3,2016-11-15,0,1229.2
3,2016-11-16,1,1226.75
3,2016-11-17,0,1211
3,2016-11-18,0,1214.25
3,2016-11-21,1,1212.25
3,2016-11-22,0,1187.7
3,2016-11-25,0,1187
3,2016-11-28,0,1186.55
3,2016-11-29,0,1178.0999999999999
3,2016-11-30,0,1161.8499999999999
3,2016-12-01,0,1173.5
3,2016-12-02,1,1162.2
3,2016-12-05,0,1172.5
3,2016-12-06,1,1177.6500000000001
3,2016-12-07,1,1171.05
3,2016-12-08,0,1163.5999999999999
3,2016-12-09,0,1158.55
3,2016-12-13,0,1162.25
3,2016-12-14,1,1126.95
3,2016-12-15,0,1131.5999999999999
3,2016-12-16,1,1136.25
3,2016-12-19,1,1125.7
3,2016-12-20,0,1133.6500000000001
3,2016-12-21,1,1131.3499999999999
3,2016-12-22,0,1134.5999999999999
3,2016-12-28,1,1145.9000000000001
3,2016-12-29,1,1159.0999999999999
3,2016-12-30,1,1164.25
3,2017-01-04,1,1176.7
3,2017-01-05,1,1189.5
3,2017-01-10,1,1178.55
3,2017-01-11,0,1205.05
3,2017-01-12,1,1190.3499999999999
3,2017-01-13,0,1216.05
3,2017-01-17,1,1196.05
3,2017-01-19,0,1200.55
3,2017-01-20,1,1212.8499999999999
3,2017-01-23,1,1216.8
3,2017-01-24,1,1195
3,2017-01-25,0,1215.2
3,2017-02-03,1,1226.75
3,2017-02-06,1,1231
3,2017-02-07,1,1242.0999999999999
3,2017-02-08,1,1236.8
3,2017-02-09,0,1228.3
3,2017-02-10,0,1222.25
3,2017-02-13,0,1230.75
3,2017-02-14,1,1224.4000000000001
3,2017-02-15,0,1240.55
3,2017-02-16,1,1241.95
3,2017-02-17,1,1236.6500000000001
3,2017-02-22,0,1247.9000000000001
3,2017-02-23,1,1257.2
3,2017-02-27,1,1240.4000000000001
3,2017-03-01,0,1238.0999999999999
3,2017-03-02,0,1226.5
3,2017-03-03,0,1230.95
3,2017-03-06,1,1216.6500000000001
3,2017-03-07,0,1209.2
3,2017-03-08,0,1206.55
3,2017-03-09,0,1202.6500000000001
3,2017-03-10,0,1204.5999999999999
3,2017-03-14,1,1198.8
3,2017-03-15,0,1229.3499999999999
3,2017-03-16,1,1229.5999999999999
3,2017-03-17,1,1241.5999999999999
3,2017-03-21,1,1249.05
3,2017-03-22,1,1247.5
3,2017-03-24,0,1257.55
3,2017-03-27,1,1251.0999999999999
3,2017-03-29,0,1248.8
3,2017-03-30,0,1245.8
3,2017-04-05,0,1252.5
3,2017-04-06,1,1266.45
3,2017-04-07,1,1250.05
3,2017-04-10,0,1252.9000000000001
3,2017-04-11,1,1274.3
3,2017-04-12,1,1284.1500000000001
3,2017-04-13,1,1278.95
3,2017-04-18,0,1279.05
3,2017-04-19,1,1282.0999999999999
3,2017-04-20,1,1281.8499999999999
3,2017-04-21,0,1269.4000000000001
3,2017-04-24,0,1267.8
3,2017-04-25,0,1261.8499999999999
3,2017-04-26,0,1262.8
3,2017-04-27,1,1266.45
3,2017-04-28,1,1255.45
3,2017-05-02,0,1229.8
3,2017-05-08,0,1220.4000000000001
3,2017-05-09,0,1223.1500000000001
3,2017-05-11,1,1231.25
3,2017-05-12,1,1233.3
3,2017-05-15,1,1234.2
3,2017-05-16,1,1257.4000000000001
3,2017-05-17,1,1255.9000000000001
3,2017-05-18,0,1252
3,2017-05-19,0,1258.8499999999999
3,2017-05-22,1,1260.2
4,2017-05-23,1,1252.55
4,2017-05-24,0,1256.95
4,2017-05-25,1,1265.05
4,2017-05-26,1,1266.2
4,2017-05-31,1,1264.8499999999999
4,2017-06-01,0,1274.95
4,2017-06-02,1,1279.95
4,2017-06-05,1,1293.5
4,2017-06-06,1,1291
4,2017-06-07,0,1266.55
4,2017-06-09,0,1266.4000000000001
4,2017-06-12,0,1262
4,2017-06-13,0,1275.5
4,2017-06-14,1,1254.55
4,2017-06-15,0,1255.4000000000001
4,2017-06-16,1,1248.1500000000001
4,2017-06-19,0,1242.2
4,2017-06-20,0,1242.5
4,2017-06-21,1,1250.8
4,2017-06-22,1,1255.7
4,2017-06-23,1,1248
4,2017-06-28,0,1243.5
4,2017-06-29,0,1242.25
4,2017-06-30,0,1229.25
4,2017-07-03,0,1220.3
4,2017-07-05,0,1224.9000000000001
4,2017-07-06,1,1215.6500000000001
4,2017-07-07,0,1211.9000000000001
4,2017-07-10,0,1211.05
4,2017-07-11,0,1218.8
4,2017-07-12,1,1218.9000000000001
4,2017-07-13,1,1230.3
4,2017-07-14,1,1240.75
4,2017-07-18,1,1242.1500000000001
4,2017-07-19,1,1238.7
4,2017-07-20,0,1248.55
4,2017-07-21,1,1255.55
4,2017-07-24,1,1254.4000000000001
4,2017-07-25,0,1248.0999999999999
4,2017-07-26,0,1261.0999999999999
4,2017-07-27,1,1264.9000000000001
4,2017-07-28,1,1267.55
4,2017-07-31,1,1270.95
4,2017-08-01,1,1269.5999999999999
4,2017-08-02,0,1268.0999999999999
4,2017-08-03,0,1257.7
4,2017-08-04,0,1258
4,2017-08-07,1,1261.8
4,2017-08-08,1,1271.05
4,2017-08-09,1,1284.4000000000001
4,2017-08-10,1,1282.3
4,2017-08-14,0,1272.75
4,2017-08-16,0,1292.9000000000001
4,2017-08-21,1,1284.2
4,2017-08-22,0,1286.6500000000001
4,2017-08-23,1,1289
4,2017-08-24,1,1318.6500000000001
4,2017-08-29,1,1308.5
4,2017-08-30,0,1311.75
4,2017-08-31,1,1320.4000000000001
4,2017-09-01,1,1335.55
4,2017-09-05,1,1337.8499999999999
4,2017-09-06,1,1343.5
4,2017-09-07,1,1346.25
4,2017-09-08,1,1334.2
4,2017-09-11,0,1326.5
4,2017-09-12,0,1327.55
4,2017-09-13,1,1324.55
4,2017-09-14,0,1322.8499999999999
4,2017-09-15,0,1309.5999999999999
4,2017-09-19,0,1311.3
4,2017-09-20,1,1292.0999999999999
4,2017-09-21,0,1294.8
4,2017-09-22,1,1293.3
4,2017-09-25,0,1300.05
4,2017-09-26,1,1282.55
4,2017-09-27,0,1283.3499999999999
4,2017-09-28,1,1283.0999999999999
4,2017-09-29,0,1291.4000000000001
4,2017-10-10,1,1289.25
4,2017-10-11,0,1290.25
4,2017-10-12,1,1299.5999999999999
4,2017-10-13,1,1303.3
4,2017-10-16,1,1284.75
4,2017-10-17,0,1280.2
4,2017-10-18,0,1274.9000000000001
4,2017-10-23,0,1276.45
4,2017-10-24,1,1275
4,2017-10-25,0,1273.75
4,2017-10-26,0,1266.45
4,2017-10-27,0,1272
4,2017-10-30,1,1270.1500000000001
4,2017-10-31,0,1277.05
4,2017-11-01,1,1279.2
4,2017-11-02,1,1270.9000000000001
4,2017-11-06,0,1275.5999999999999
4,2017-11-07,1,1284
4,2017-11-08,1,1284.8
4,2017-11-09,1,1284.3
4,2017-11-10,0,1277.95
4,2017-11-13,0,1274.5999999999999
4,2017-11-14,0,1282.2
4,2017-11-15,1,1280
4,2017-11-16,0,1284.3499999999999
4,2017-11-17,1,1286.2
4,2017-11-20,1,1283.3
4,2017-11-21,0,1286.95
4,2017-11-22,1,1290.5
4,2017-11-24,1,1294.9000000000001
4,2017-11-27,1,1291.8499999999999
4,2017-11-28,0,1283.8499999999999
4,2017-11-29,0,1280.2
4,2017-11-30,0,1273.45
4,2017-12-04,0,1266.3
4,2017-12-05,0,1263.7
4,2017-12-06,0,1255
4,2017-12-07,0,1250.6500000000001
4,2017-12-08,0,1247.1500000000001
4,2017-12-11,0,1240.9000000000001
4,2017-12-12,0,1242.6500000000001
4,2017-12-13,1,1251
4,2017-12-14,1,1254.5999999999999
4,2017-12-15,1,1260.5999999999999
4,2017-12-18,1,1260.3499999999999
4,2017-12-19,0,1264.55
4,2017-12-20,1,1264.55
4,2017-12-21,0,1268.05
4,2017-12-22,1,1279.4000000000001
4,2017-12-27,1,1291
4,2017-12-28,1,1314.5
4,2018-01-04,1,1311
4,2018-01-09,0,1319.75
4,2018-01-10,1,1323.05
4,2018-01-11,1,1333.8499999999999
4,2018-01-16,1,1335.6500000000001
4,2018-01-17,1,1332.2
4,2018-01-18,0,1332.5999999999999
4,2018-01-22,1,1333.4000000000001
4,2018-01-23,1,1353.7
4,2018-01-24,1,1343.8499999999999
4,2018-01-29,0,1344.9000000000001
4,2018-01-30,1,1345.05
4,2018-01-31,1,1341.3499999999999
4,2018-02-01,0,1331.1500000000001
4,2018-02-02,0,1333.5999999999999
4,2018-02-05,1,1331.4000000000001
4,2018-02-06,0,1324.6500000000001
4,2018-02-07,0,1315.45
4,2018-02-08,0,1314.0999999999999
4,2018-02-09,0,1336.25
4,2018-02-14,1,1328.3499999999999
4,2018-02-22,0,1327.95
4,2018-02-23,0,1333.5
4,2018-02-26,1,1325.75
4,2018-02-27,0,1317.8499999999999
4,2018-02-28,0,1307.75
4,2018-03-01,0,1320.4000000000001
4,2018-03-05,1,1331.4000000000001
4,2018-03-06,1,1329.4000000000001
4,2018-03-07,0,1321
4,2018-03-08,0,1320.5999999999999
4,2018-03-09,0,1319.1500000000001
4,2018-03-12,0,1322.75
4,2018-03-13,1,1323.55
4,2018-03-14,1,1318.75
4,2018-03-15,0,1310.0999999999999
4,2018-03-16,0,1312.4000000000001
4,2018-03-19,1,1311
4,2018-03-20,0,1329.1500000000001
4,2018-03-22,1,1346.5999999999999
4,2018-03-23,1,1341.45
4,2018-03-27,0,1332.45
4,2018-03-28,0,1333.45
4,2018-04-03,1,1337.3
4,2018-04-04,1,1331.95
4,2018-04-09,0,1338.95
4,2018-04-10,1,1350.75
4,2018-04-11,1,1341.3499999999999
4,2018-04-12,0,1343.7
4,2018-04-13,1,1349.3499999999999
4,2018-04-16,1,1342.0999999999999
4,2018-04-17,0,1351.45
4,2018-04-18,1,1348.5999999999999
4,2018-04-19,0,1336.75
4,2018-04-20,0,1324.3
4,2018-04-23,0,1328.8499999999999
4,2018-04-24,1,1321.6500000000001
4,2018-04-25,0,1320.7
4,2018-04-26,0,1304.2
4,2018-05-02,0,1306.5999999999999
4,2018-05-08,1,1313.8499999999999
4,2018-05-09,1,1318.8
4,2018-05-10,1,1324.3499999999999
4,2018-05-11,1,1319.8499999999999
4,2018-05-14,0,1295
4,2018-05-15,0,1291.25
4,2018-05-16,0,1289.5
4,2018-05-17,0,1288.3
4,2018-05-18,0,1288.3499999999999
4,2018-05-21,1,1293.05
4,2018-05-22,1,1289
4,2018-05-23,0,1304.8499999999999
4,2018-05-24,1,1303.5
4,2018-05-25,0,1300.7
4,2018-05-30,0,1305.3499999999999
4,2018-05-31,1,1294.5999999999999
4,2018-06-01,0,1295.45
4,2018-06-04,1,1292.05
4,2018-06-05,0,1300.0999999999999
4,2018-06-06,1,1297.25
4,2018-06-07,0,1298.25
4,2018-06-08,1,1299.5999999999999
4,2018-06-11,1,1298.6500000000001
4,2018-06-12,0,1296.1500000000001
4,2018-06-13,0,1302.75
4,2018-06-14,1,1285.25
4,2018-06-15,0,1276.1500000000001
4,2018-06-19,0,1274.2
4,2018-06-20,0,1266.1500000000001
4,2018-06-21,0,1269.1500000000001
4,2018-06-22,1,1268.7
4,2018-06-25,0,1260.3
4,2018-06-26,0,1254.5999999999999
4,2018-06-27,0,1251.55
4,2018-06-28,0,1250.45
4,2018-06-29,0,1247.8
4,2018-07-02,0,1251.75
4,2018-07-03,1,1255.5
4,2018-07-05,1,1255.3499999999999
4,2018-07-06,0,1262.05
4,2018-07-09,1,1254
4,2018-07-10,0,1251.4000000000001
4,2018-07-11,0,1245.9000000000001
4,2018-07-12,0,1241.7
4,2018-07-13,0,1232.8
4,2018-07-17,0,1224.5
4,2018-07-18,0,1217.55
4,2018-07-19,0,1228.75
4,2018-07-20,1,1224.95
4,2018-07-23,0,1228.3499999999999
4,2018-07-24,1,1231.5
4,2018-07-25,1,1228.25
4,2018-07-26,0,1223.95
4,2018-07-27,0,1223.8
4,2018-07-30,0,1220.95
4,2018-07-31,0,1219
4,2018-08-01,0,1215.45
4,2018-08-02,0,1216.3
4,2018-08-03,1,1209.6500000000001
4,2018-08-06,0,1212.3499999999999
4,2018-08-07,1,1209.55
4,2018-08-08,0,1214.4000000000001
4,2018-08-10,1,1200.3499999999999
4,2018-08-13,0,1197
4,2018-08-14,0,1180.4000000000001
4,2018-08-16,0,1184.3499999999999
4,2018-08-20,1,1190.95
4,2018-08-21,1,1192.3499999999999
4,2018-08-23,1,1197.7
4,2018-08-24,1,1212.25
4,2018-08-28,1,1204.2
4,2018-08-29,0,1197.3
4,2018-08-30,0,1202.45
4,2018-08-31,1,1190.8499999999999
4,2018-09-04,0,1196.7
4,2018-09-05,1,1205.1500000000001
4,2018-09-06,1,1198.9000000000001
4,2018-09-07,0,1196.5999999999999
4,2018-09-10,0,1189.8499999999999
4,2018-09-11,0,1195.5999999999999
4,2018-09-12,1,1201.95
4,2018-09-14,1,1200.2
4,2018-09-18,0,1203.3
4,2018-09-19,1,1198.7
4,2018-09-21,0,1201.9000000000001
4,2018-09-25,1,1194.25
4,2018-09-26,0,1185.4000000000001
4,2018-09-27,0,1187.25
4,2018-09-28,1,1185.55
4,2018-10-09,0,1188.5999999999999
4,2018-10-10,1,1205.55
4,2018-10-11,1,1219.75
4,2018-10-12,1,1229.95
4,2018-10-15,1,1230.7
4,2018-10-16,1,1229.05
4,2018-10-17,0,1227.8499999999999
4,2018-10-19,0,1222.3
4,2018-10-22,0,1235.95
4,2018-10-23,1,1230.55
4,2018-10-24,0,1230.8
4,2018-10-25,1,1233.8499999999999
4,2018-10-26,1,1230.8
4,2018-10-29,0,1225.4000000000001
4,2018-10-30,0,1214.95
4,2018-10-31,0,1231.1500000000001
4,2018-11-01,1,1232.0999999999999
4,2018-11-02,1,1232.25
4,2018-11-05,1,1211.4000000000001
4,2018-11-09,0,1205.55
4,2018-11-12,0,1202.0999999999999
4,2018-11-13,0,1203.25
4,2018-11-14,1,1211.8499999999999
4,2018-11-15,1,1222.4000000000001
4,2018-11-16,1,1221.5999999999999
4,2018-11-19,0,1223
4,2018-11-20,1,1223.4000000000001
4,2018-11-26,1,1221.2
4,2018-11-27,0,1213.25
4,2018-11-28,0,1226.25
4,2018-11-29,1,1217.55
4,2018-11-30,0,1230.3
4,2018-12-03,1,1240.3
4,2018-12-04,1,1242.55
4,2018-12-06,1,1243.3
4,2018-12-07,1,1245.3499999999999
4,2018-12-10,1,1245.3
4,2018-12-11,0,1245.75
4,2018-12-12,1,1242.75
4,2018-12-13,0,1235.3499999999999
4,2018-12-14,0,1241.6500000000001
4,2018-12-17,1,1246.3
4,2018-12-18,1,1255
4,2018-12-19,1,1259.75
4,2018-12-20,1,1258.1500000000001
4,2018-12-21,0,1268
4,2018-12-27,1,1279
4,2018-12-28,1,1279.9000000000001
4,2019-01-04,1,1292.2
4,2019-01-07,1,1286.45
4,2019-01-08,0,1288.5999999999999
4,2019-01-09,1,1291.9000000000001
4,2019-01-10,1,1288.95
4,2019-01-11,0,1294.4000000000001
4,2019-01-15,1,1292.3
4,2019-01-16,0,1290.7
4,2019-01-17,0,1284.2
4,2019-01-18,0,1282.0999999999999
4,2019-01-22,0,1279.8
4,2019-01-23,0,1283.7
4,2019-01-24,1,1293.9000000000001
4,2019-01-25,1,1302.1500000000001
4,2019-01-28,1,1307.55
4,2019-01-29,1,1310.7
4,2019-01-30,1,1318.7
4,2019-02-01,1,1310
4,2019-02-12,0,1312.8
4,2019-02-13,1,1311.45
4,2019-02-14,0,1316.55
4,2019-02-15,1,1343.75
4,2019-02-20,1,1331.25
4,2019-02-21,0,1329.05
4,2019-02-22,0,1331.05
4,2019-02-25,1,1325.05
4,2019-02-26,0,1322.8499999999999
4,2019-02-27,0,1319.1500000000001
4,2019-02-28,0,1311.95
4,2019-03-01,0,1283.8
4,2019-03-05,0,1285.8499999999999
4,2019-03-06,1,1285.3
4,2019-03-07,0,1296.75
4,2019-03-08,1,1292.75
4,2019-03-11,0,1297.05
4,2019-03-12,1,1306.95
4,2019-03-13,1,1295.55
4,2019-03-14,0,1303.5
4,2019-03-15,1,1305.5999999999999
4,2019-03-18,1,1307.7
4,2019-03-19,1,1303.7
4,2019-03-20,0,1311.3
4,2019-03-22,1,1319.55
4,2019-03-25,1,1316.3
4,2019-03-26,0,1309.7
4,2019-03-27,0,1295.1500000000001
4,2019-03-28,0,1290.3
4,2019-04-02,0,1290.45
4,2019-04-03,1,1283.1500000000001
4,2019-04-04,0,1300
4,2019-04-08,1,1303
4,2019-04-09,1,1305.45
4,2019-04-10,1,1298.8
4,2019-04-11,0,1294.3
4,2019-04-12,0,1285.6500000000001
4,2019-04-15,0,1276.3499999999999
4,2019-04-16,0,1275.7
4,2019-04-18,0,1269.5
4,2019-04-23,0,1271.6500000000001
4,2019-04-24,1,1280.8
4,2019-04-25,1,1284.2
4,2019-04-26,1,1281.2
4,2019-05-07,0,1285.2
4,2019-05-08,1,1286.0999999999999
4,2019-05-09,1,1287.0999999999999
4,2019-05-10,1,1295.5999999999999
4,2019-05-13,1,1298.4000000000001
4,2019-05-14,1,1299.0999999999999
4,2019-05-15,1,1291.7
4,2019-05-16,0,1280.8
4,2019-05-17,0,1271.1500000000001
4,2019-05-21,0,1273.8
4,2019-05-22,1,1283.6500000000001
4,2019-05-23,1,1282.5
4,2019-05-24,0,1278.3
4,2019-05-28,0,1281.6500000000001
4,2019-05-29,1,1280.95
4,2019-05-30,0,1317.0999999999999
4,2019-06-03,1,1324.25
4,2019-06-04,1,1335.5
4,2019-06-06,1,1328.5999999999999
4,2019-06-10,0,1324.3
4,2019-06-11,0,1332.3499999999999
4,2019-06-12,1,1335.9000000000001
4,2019-06-13,1,1351.25
4,2019-06-14,1,1341.3
4,2019-06-17,0,1341.3499999999999
4,2019-06-18,1,1344.05
4,2019-06-19,1,1379.5
4,2019-06-20,1,1397.1500000000001
4,2019-06-21,1,1405.7
4,2019-06-24,1,1431.4000000000001
4,2019-06-25,1,1403.95
4,2019-06-26,0,1402.5
4,2019-06-27,0,1409
4,2019-06-28,1,1390.0999999999999
4,2019-07-01,0,1391.05
4,2019-07-02,1,1413.5
4,2019-07-03,1,1388.6500000000001
4,2019-07-05,0,1400.0999999999999
4,2019-07-08,1,1391.55
4,2019-07-09,0,1408.3
4,2019-07-10,1,1413.75
4,2019-07-11,1,1407.5999999999999
4,2019-07-12,0,1409.8499999999999
4,2019-07-16,1,1410.3499999999999
4,2019-07-17,1,1417.45
4,2019-07-18,1,1439.7
4,2019-07-19,1,1427.75
4,2019-07-22,0,1425.55
4,2019-07-23,0,1426.95
4,2019-07-24,1,1416.0999999999999
4,2019-07-25,0,1420.4000000000001
4,2019-07-26,1,1419.05
4,2019-07-29,0,1425.9000000000001
4,2019-07-30,1,1427.55
4,2019-07-31,1,1406.8
4,2019-08-01,0,1441.75
4,2019-08-02,1,1465.25
4,2019-08-05,1,1465.25
4,2019-08-06,0,1506.05
4,2019-08-07,1,1495.75
4,2019-08-08,0,1497.7
4,2019-08-09,1,1498.4000000000001
4,2019-08-13,1,1513.25
4,2019-08-14,1,1515.25
4,2019-08-16,1,1496.5999999999999
4,2019-08-19,0,1504.55
4,2019-08-20,1,1503.25
4,2019-08-21,0,1502.05
4,2019-08-22,0,1503.8
4,2019-08-23,1,1532.95
4,2019-08-27,1,1537.1500000000001
4,2019-08-28,1,1540.2
4,2019-08-29,1,1528.4000000000001
4,2019-08-30,0,1537.8499999999999
4,2019-09-03,1,1546.0999999999999
4,2019-09-04,1,1529.0999999999999
4,2019-09-05,0,1523.7
4,2019-09-06,0,1509.2
4,2019-09-09,0,1490.6500000000001
4,2019-09-11,0,1515.2
4,2019-09-12,1,1502.0999999999999
4,2019-09-17,0,1503.5
4,2019-09-18,1,1500.7
4,2019-09-19,0,1501.9000000000001
4,2019-09-20,1,1520.6500000000001
4,2019-09-24,1,1528.75
4,2019-09-25,1,1506.4000000000001
4,2019-09-26,0,1489.9000000000001
4,2019-09-27,0,1485.3
4,2019-09-30,0,1507.25
4,2019-10-09,1,1494.8
4,2019-10-10,0,1479.1500000000001
4,2019-10-11,0,1487.8
4,2019-10-15,1,1485.0999999999999
4,2019-10-16,0,1492.6500000000001
4,2019-10-17,1,1490
4,2019-10-18,0,1494.45
4,2019-10-23,1,1496.55
4,2019-10-24,1,1513.45
4,2019-10-25,1,1492.0999999999999
4,2019-10-30,0,1510.95
4,2019-10-31,1,1508.8
4,2019-11-01,0,1488.95
4,2019-11-05,0,1486.05
4,2019-11-06,0,1484.25
4,2019-11-07,0,1464.1500000000001
4,2019-11-08,0,1458.7
4,2019-11-11,0,1462.9000000000001
4,2019-11-13,1,1466.6500000000001
4,2019-11-14,1,1466.9000000000001
4,2019-11-15,1,1467.6500000000001
4,2019-11-18,1,1468.45
4,2019-11-19,1,1471.7
4,2019-11-20,1,1467.05
4,2019-11-21,0,1464.45
4,2019-11-22,0,1458.4000000000001
4,2019-11-25,0,1454.6500000000001
4,2019-11-26,0,1454.3499999999999
4,2019-11-27,0,1460.1500000000001
4,2019-11-29,1,1461.1500000000001
4,2019-12-02,1,1477.3
4,2019-12-03,1,1475.0999999999999
4,2019-12-04,0,1475.95
4,2019-12-05,1,1459.6500000000001
4,2019-12-06,0,1461.7
4,2019-12-09,1,1464.95
4,2019-12-10,1,1466.8
4,2019-12-11,1,1467.8
4,2019-12-12,1,1466.5999999999999
4,2019-12-13,0,1477.9000000000001
4,2019-12-16,1,1475.8
4,2019-12-17,0,1474.05
4,2019-12-18,0,1476.7
4,2019-12-19,1,1479
4,2019-12-20,1,1482.0999999999999
4,2019-12-23,1,1490.8499999999999
4,2019-12-24,1,1511.5
4,2019-12-27,1,1514.75
4,2019-12-30,1,1573.0999999999999
4,2020-01-06,1,1567.8499999999999
4,2020-01-07,0,1571.95
4,2020-01-08,1,1550.75
4,2020-01-09,0,1545.0999999999999
4,2020-01-14,0,1549
4,2020-01-15,1,1554.55
4,2020-01-16,1,1557.5999999999999
4,2020-01-17,1,1551.3
4,2020-01-21,0,1556.9000000000001
4,2020-01-22,1,1562.9000000000001
4,2020-01-23,1,1574.75
4,2020-02-03,1,1558.3499999999999
4,2020-02-04,0,1553.3
4,2020-02-05,0,1563.3
4,2020-02-06,1,1572.6500000000001
4,2020-02-07,1,1573.2
4,2020-02-10,1,1563.7
4,2020-02-12,0,1575.05
4,2020-02-13,1,1581.4000000000001
4,2020-02-14,1,1589.8499999999999
4,2020-02-18,1,1619
4,2020-02-20,1,1650.3
4,2020-02-25,1,1634.9000000000001
4,2020-02-26,0,1652
4,2020-02-27,1,1609.8499999999999
4,2020-02-28,0,1599.6500000000001
4,2020-03-02,0,1615.5
4,2020-03-03,1,1641.8499999999999
4,2020-03-04,1,1659.5999999999999
4,2020-03-05,1,1683.6500000000001
4,2020-03-06,1,1672.5
4,2020-03-09,0,1653.75
4,2020-03-11,0,1570.7
4,2020-03-12,0,1562.8
4,2020-03-13,0,1487.7
4,2020-03-16,0,1536.2
4,2020-03-17,1,1498.2
4,2020-03-18,0,1474.25
4,2020-03-19,0,1525.4000000000001
4,2020-03-23,1,1605.75
4,2020-03-24,1,1634.8
4,2020-03-26,1,1617.3
4,2020-03-27,0,1618.3
4,2020-03-30,1,1608.95
4,2020-03-31,0,1613.0999999999999
4,2020-04-03,1,1649.25
4,2020-04-07,1,1647.8
4,2020-04-08,0,1680.6500000000001
4,2020-04-09,1,1718.6500000000001
4,2020-04-15,1,1729.5
4,2020-04-16,1,1692.55
4,2020-04-17,0,1686.2
4,2020-04-20,0,1682.05
4,2020-04-21,0,1710.55
4,2020-04-22,1,1736.25
4,2020-04-23,1,1715.9000000000001
4,2020-04-24,0,1714.95
4,2020-04-27,0,1691.55
4,2020-04-28,0,1702.75
4,2020-04-30,1,1702.75
4,2020-05-11,0,1702.4000000000001
4,2020-05-12,0,1708.4000000000001
4,2020-05-13,1,1731.5999999999999
4,2020-05-14,1,1735.3499999999999
4,2020-05-15,1,1734.7
4,2020-05-18,0,1737.95
4,2020-05-19,1,1748.3
4,2020-05-20,1,1724.9000000000001
4,2020-05-21,0,1733.55
4,2020-05-22,1,1720.25
4,2020-05-26,0,1694.5999999999999
4,2020-05-27,0,1717.3499999999999
4,2020-05-28,1,1728.7
4,2020-05-29,1,1730.5999999999999
4,2020-06-01,1,1742.1500000000001
4,2020-06-02,1,1700.05
4,2020-06-04,0,1683.45
4,2020-06-05,0,1690.3499999999999
4,2020-06-08,1,1713.5
4,2020-06-09,1,1722.05
4,2020-06-10,1,1738.25
4,2020-06-11,1,1733.5
4,2020-06-12,0,1710.45
4,2020-06-15,0,1719.8499999999999
4,2020-06-16,1,1724.3499999999999
4,2020-06-17,1,1719.5
4,2020-06-18,0,1734.75
4,2020-06-19,1,1761.8499999999999
4,2020-06-22,1,1768.9000000000001
4,2020-06-23,1,1766.05
4,2020-06-24,0,1771.5999999999999
4,2020-06-29,1,1768.0999999999999
4,2020-06-30,0,1771.05
4,2020-07-01,1,1777.45
4,2020-07-02,1,1787.9000000000001
4,2020-07-06,1,1789.55
4,2020-07-07,1,1811.0999999999999
4,2020-07-08,1,1812.0999999999999
4,2020-07-09,1,1803.0999999999999
4,2020-07-10,0,1807.5
4,2020-07-13,1,1801.9000000000001
4,2020-07-14,0,1804.5999999999999
4,2020-07-15,1,1807.7
4,2020-07-16,1,1807.3499999999999
4,2020-07-17,0,1815.6500000000001
4,2020-07-20,1,1842.55
4,2020-07-21,1,1852.4000000000001
4,2020-07-22,1,1936.6500000000001
4,2020-07-27,1,1940.9000000000001
4,2020-07-28,1,1950.9000000000001
4,2020-07-29,1,1957.6500000000001
4,2020-07-30,1,1964.9000000000001
4,2020-07-31,1,1958.55
4,2020-08-03,0,1977.9000000000001
4,2020-08-04,1,2048.1500000000001
4,2020-08-05,1,2067.1500000000001
4,2020-08-06,1,2031.1500000000001
4,2020-08-07,0,1931.9000000000001
4,2020-08-12,0,1944.25
4,2020-08-13,1,1944.75
4,2020-08-14,1,1972.8499999999999
4,2020-08-17,1,2008.75
4,2020-08-18,1,1981
4,2020-08-19,0,1927.1500000000001
4,2020-08-20,0,1924.3499999999999
4,2020-08-21,0,1943.95
4,2020-08-24,1,1911.1500000000001
4,2020-08-25,0,1932.95
4,2020-08-26,1,1923.8499999999999
4,2020-08-27,0,1957.3499999999999
4,2020-08-28,1,1972.3499999999999
4,2020-09-01,1,1947.05
4,2020-09-02,0,1940.45
4,2020-09-03,0,1926.3
4,2020-09-04,0,1910.95
4,2020-09-08,0,1947.2
4,2020-09-09,1,1966.25
4,2020-09-10,1,1947.4000000000001
4,2020-09-11,0,1958.7
4,2020-09-14,1,1949.3499999999999
4,2020-09-15,0,1961.8
4,2020-09-16,1,1936.25
4,2020-09-17,0,1950.8499999999999
4,2020-09-18,1,1873.4000000000001
4,2020-09-23,0,1861.75
4,2020-09-24,0,1859.7
4,2020-09-25,0,1883.95
4,2020-09-29,1,1886.9000000000001
4,2020-09-30,1,1923.25
4,2020-10-09,1,1925.5
4,2020-10-12,1,1891.3
4,2020-10-13,0,1910.05
4,2020-10-14,1,1891.9000000000001
4,2020-10-15,0,1905.05
4,2020-10-16,1,1905.5999999999999
4,2020-10-19,1,1898.4000000000001
4,2020-10-20,0,1924.1500000000001
4,2020-10-21,1,1900.95
4,2020-10-22,0,1903.6500000000001
4,2020-10-23,1,1898.45
4,2020-10-26,0,1905.7
4,2020-10-27,1,1869.95
4,2020-10-28,0,1870.3
4,2020-10-29,1,1889.9000000000001
4,2020-11-02,1,1900.1500000000001
4,2020-11-04,1,1938.45
4,2020-11-05,1,1940.8
4,2020-11-06,1,1867.3
4,2020-11-09,0,1878.7
4,2020-11-10,1,1860.95
4,2020-11-11,0,1874.8499999999999
4,2020-11-12,1,1890.9000000000001
4,2020-11-13,1,1889.05
4,2020-11-17,0,1876.0999999999999
4,2020-11-18,0,1857.3499999999999
4,2020-11-19,0,1875.7
4,2020-11-20,1,1799.5999999999999
4,2020-11-24,0,1810.2
4,2020-11-25,1,1779.3
4,2020-11-27,0,1810.75
4,2020-12-01,1,1822.5999999999999
4,2020-12-02,1,1832.3499999999999
4,2020-12-03,1,1843
4,2020-12-04,1,1859.95
4,2020-12-07,1,1868.1500000000001
4,2020-12-08,1,1841.75
4,2020-12-09,0,1844.3499999999999
4,2020-12-10,1,1842
4,2020-12-11,0,1831.1500000000001
4,2020-12-14,0,1850.6500000000001
4,2020-12-15,1,1851.95
4,2020-12-16,1,1890.75
4,2020-12-17,1,1879.75
4,2020-12-18,0,1880
4,2020-12-21,1,1877.0999999999999
4,2020-12-22,0,1875
4,2020-12-23,0,1874.3
4,2020-12-29,0,1887.5999999999999
4,2020-12-30,1,1943.2
4,2021-01-04,1,1940.3499999999999
4,2021-01-05,0,1931.95
4,2021-01-06,0,1920.0999999999999
4,2021-01-07,0,1862.9000000000001
4,2021-01-08,0,1841.25
4,2021-01-12,0,1858.8499999999999
4,2021-01-13,1,1841.75
4,2021-01-14,0,1839
4,2021-01-15,0,1834.7
5,2021-01-19,0,1856.5999999999999
5,2021-01-20,1,1862.0999999999999
5,2021-01-21,1,1852.7
5,2021-01-22,0,1856.8499999999999
5,2021-01-25,1,1856.5999999999999
5,2021-01-27,0,1853.7
5,2021-01-28,0,1863.8
5,2021-01-29,1,1862.95
5,2021-02-01,0,1833.0999999999999
5,2021-02-02,0,1835.45
5,2021-02-03,1,1785.9000000000001
5,2021-02-04,0,1802.95
5,2021-02-05,1,1835.25
5,2021-02-08,1,1839.5999999999999
5,2021-02-09,1,1842.6500000000001
5,2021-02-10,1,1773.1500000000001
5,2021-02-18,0,1807.45
5,2021-02-22,1,1788
5,2021-02-24,0,1779.6500000000001
5,2021-02-25,0,1742.8499999999999
5,2021-02-26,0,1734.1500000000001
5,2021-03-01,0,1723.8499999999999
5,2021-03-02,0,1711.4000000000001
5,2021-03-03,0,1712.0999999999999
5,2021-03-04,1,1696.25
5,2021-03-05,0,1687.05
5,2021-03-08,0,1716.9000000000001
5,2021-03-09,1,1716.2
5,2021-03-10,0,1704.8
5,2021-03-12,0,1723.6500000000001
5,2021-03-15,1,1735
5,2021-03-16,1,1729.6500000000001
5,2021-03-17,0,1725.9000000000001
5,2021-03-18,0,1735.2
5,2021-03-19,1,1736.1500000000001
5,2021-03-22,1,1726.2
5,2021-03-23,0,1730.5
5,2021-03-24,1,1737.3
5,2021-03-25,1,1731.8
5,2021-03-26,0,1683.95
5,2021-03-30,0,1691.05
5,2021-03-31,1,1744.6500000000001
5,2021-04-06,1,1738.05
5,2021-04-07,0,1755.5
5,2021-04-08,1,1741.2
5,2021-04-09,0,1732.8499999999999
5,2021-04-12,0,1757.2
5,2021-04-15,1,1774.45
5,2021-04-16,1,1774.5
5,2021-04-19,1,1777.8499999999999
5,2021-04-20,1,1787.75
5,2021-04-22,1,1781.8
5,2021-04-23,0,1773.3499999999999
5,2021-04-26,0,1784.1500000000001
5,2021-04-27,1,1772.2
5,2021-04-28,0,1767.6500000000001
5,2021-04-30,0,1813.1500000000001
5,2021-05-06,1,1836.55
5,2021-05-07,1,1840.45
5,2021-05-10,1,1829.0999999999999
5,2021-05-11,0,1830.7
5,2021-05-12,1,1838.0999999999999
5,2021-05-14,1,1853.7
5,2021-05-17,1,1866.75
5,2021-05-18,1,1888.45
5,2021-05-19,1,1878.3
5,2021-05-20,0,1875.9000000000001
5,2021-05-21,0,1880.1500000000001
5,2021-05-24,1,1887
5,2021-05-25,1,1891.45
5,2021-05-27,1,1899.95
5,2021-05-28,1,1899.3499999999999
5,2021-06-01,0,1902.75
5,2021-06-02,1,1866.55
5,2021-06-03,0,1890.5999999999999
5,2021-06-04,1,1888.4000000000001
5,2021-06-07,0,1893.1500000000001
5,2021-06-08,1,1894.5999999999999
5,2021-06-09,1,1888.6500000000001
5,2021-06-10,0,1881.05
5,2021-06-11,0,1865.0999999999999
5,2021-06-15,0,1860.75
5,2021-06-16,0,1778.7
5,2021-06-17,0,1773.0999999999999
5,2021-06-18,0,1775.05
5,2021-06-21,1,1775.05
5,2021-06-22,0,1791.5999999999999
5,2021-06-23,1,1784.8499999999999
5,2021-06-24,0,1786.6500000000001
5,2021-06-25,1,1780.3
5,2021-06-28,0,1755.45
5,2021-06-29,0,1763.1500000000001
5,2021-06-30,1,1781.5
5,2021-07-01,1,1786.1500000000001
5,2021-07-02,1,1809.8499999999999
5,2021-07-06,1,1804.6500000000001
5,2021-07-07,0,1807.7
5,2021-07-08,1,1806
5,2021-07-09,0,1792.4000000000001
5,2021-07-12,0,1813.8499999999999
5,2021-07-13,1,1823.2
5,2021-07-14,1,1823.75
5,2021-07-15,1,1824.3
5,2021-07-16,1,1814.9000000000001
5,2021-07-19,0,1823.05
5,2021-07-20,1,1800.2
5,2021-07-26,0,1800.3499999999999
5,2021-07-27,1,1796.5999999999999
5,2021-07-28,0,1829.3
5,2021-07-29,1,1825.75
5,2021-07-30,0,1811.45
5,2021-08-02,0,1812.6500000000001
5,2021-08-03,1,1829.0999999999999
5,2021-08-04,1,1800.75
5,2021-08-05,0,1762.9000000000001
5,2021-08-06,0,1723.3499999999999
5,2021-08-10,0,1743.5999999999999
5,2021-08-11,1,1747.4000000000001
5,2021-08-12,1,1773.8499999999999
5,2021-08-13,1,1789.45
5,2021-08-17,1,1783.45
5,2021-08-18,0,1779.05
5,2021-08-20,0,1802
5,2021-08-23,1,1808.45
5,2021-08-24,1,1788.7
5,2021-08-25,0,1786.5999999999999
5,2021-08-26,0,1798.5
5,2021-08-27,1,1814.8499999999999
5,2021-08-31,1,1811.8
5,2021-09-01,0,1812.55
5,2021-09-02,1,1823.7
5,2021-09-03,1,1802.1500000000001
5,2021-09-07,0,1786
5,2021-09-08,0,1788.25
5,2021-09-09,1,1793.9000000000001
5,2021-09-13,1,1792.75
5,2021-09-14,0,1796.95
5,2021-09-15,1,1747.95
5,2021-09-16,0,1755.95
5,2021-09-17,1,1773.4000000000001
5,2021-09-22,1,1746.8
5,2021-09-24,0,1755.3
5,2021-09-27,1,1733.75
5,2021-09-28,0,1737.1500000000001
5,2021-09-29,1,1742.8
5,2021-09-30,1,1773.25
5,2021-10-08,1,1757.6500000000001
5,2021-10-11,0,1767.75
5,2021-10-12,1,1785.7
5,2021-10-13,1,1798.7
5,2021-10-14,1,1767.8499999999999
5,2021-10-18,0,1778
5,2021-10-20,1,1779.3
5,2021-10-21,1,1808.25
5,2021-10-22,1,1805.25
5,2021-10-25,0,1785.55
5,2021-10-26,0,1795.25
5,2021-10-27,1,1803.5
5,2021-10-28,1,1769.1500000000001
5,2021-10-29,0,1793.8
5,2021-11-01,1,1790.45
5,2021-11-02,0,1822.3499999999999
5,2021-11-08,1,1827.3
5,2021-11-09,1,1859.4000000000001
5,2021-11-10,1,1857.9000000000001
5,2021-11-11,0,1860.55
5,2021-11-12,1,1859.9000000000001
5,2021-11-15,0,1859.2
5,2021-11-16,0,1864.9000000000001
5,2021-11-17,1,1860.3
5,2021-11-18,0,1816.05
5,2021-11-22,0,1782.05
5,2021-11-24,0,1800.8
5,2021-11-26,1,1785.95
5,2021-11-29,0,1804.4000000000001
5,2021-11-30,1,1789.25
5,2021-12-01,0,1765
5,2021-12-02,0,1767.55
5,2021-12-03,1,1778.6500000000001
5,2021-12-06,1,1781.3499999999999
5,2021-12-07,1,1783.8
5,2021-12-08,1,1776.1500000000001
5,2021-12-09,0,1779.75
5,2021-12-10,1,1787.8
5,2021-12-13,1,1776.9000000000001
5,2021-12-14,0,1768.6500000000001
5,2021-12-15,0,1795.7
5,2021-12-16,1,1807.7
5,2021-12-17,1,1796.3
5,2021-12-20,0,1793.75
5,2021-12-21,0,1792.8
5,2021-12-22,0,1805.2
5,2021-12-23,1,1794.25
5,2021-12-29,0,1805.8499999999999
5,2021-12-30,1,1811.4000000000001
5,2022-01-04,1,1826.25
5,2022-01-05,1,1789.3499999999999
5,2022-01-06,0,1792.5999999999999
5,2022-01-07,1,1806.8
5,2022-01-11,1,1821.4000000000001
5,2022-01-12,1,1820.3499999999999
5,2022-01-13,0,1822.95
5,2022-01-14,1,1817.25
5,2022-01-18,0,1826.95
5,2022-01-19,1,1845.3499999999999
5,2022-01-20,1,1837.5999999999999
5,2022-01-21,0,1831.5999999999999
5,2022-01-24,0,1847.3
5,2022-01-25,1,1806.75
5,2022-01-27,0,1788.1500000000001
5,2022-01-28,0,1822.5999999999999
5,2022-02-08,1,1827.8
5,2022-02-09,1,1835.3499999999999
5,2022-02-10,1,1866.1500000000001
5,2022-02-14,1,1848.55
5,2022-02-15,0,1862.5999999999999
5,2022-02-16,1,1893.45
5,2022-02-17,1,1893.5999999999999
5,2022-02-18,1,1900.0999999999999
5,2022-02-22,1,1936.3
5,2022-02-24,1,1884.8
5,2022-02-25,0,1909.8499999999999
5,2022-02-28,1,1928.5
5,2022-03-02,1,1929.5999999999999
5,2022-03-03,1,1945.3
5,2022-03-04,1,1980.95
5,2022-03-07,1,2039.05
5,2022-03-08,1,1988.9000000000001
5,2022-03-09,0,1996.5999999999999
5,2022-03-10,1,1978.7
5,2022-03-11,0,1954.05
5,2022-03-14,0,1913.6500000000001
5,2022-03-15,0,1913.2
5,2022-03-16,0,1949.6500000000001
5,2022-03-17,1,1915.25
5,2022-03-22,0,1931.75
5,2022-03-23,1,1965.2
5,2022-03-24,1,1953.8
5,2022-03-25,0,1937.05
5,2022-03-28,0,1910
5,2022-03-29,0,1933.8499999999999
5,2022-03-30,1,1942.1500000000001
5,2022-03-31,1,1930.1500000000001
5,2022-04-06,0,1932.4000000000001
5,2022-04-07,1,1941.4000000000001
5,2022-04-08,1,1951.55
5,2022-04-11,1,1960.8499999999999
5,2022-04-12,1,1976.75
5,2022-04-13,1,1964
5,2022-04-19,0,1949.55
5,2022-04-20,0,1943.7
5,2022-04-21,0,1941.55
5,2022-04-22,0,1895
5,2022-04-25,0,1904.5999999999999
5,2022-04-26,1,1885.8
5,2022-04-27,0,1888.5
5,2022-04-28,1,1882.3499999999999
5,2022-05-06,0,1860.9000000000001
5,2022-05-09,0,1857.3499999999999
5,2022-05-10,0,1851.95
5,2022-05-11,0,1837.05
5,2022-05-12,0,1811.55
5,2022-05-13,0,1825
5,2022-05-17,1,1810.6500000000001
5,2022-05-18,0,1844
5,2022-05-19,1,1834.2
5,2022-05-20,0,1856.2
5,2022-05-23,1,1867.0999999999999
5,2022-05-24,1,1847.2
5,2022-05-25,0,1848.25
5,2022-05-26,1,1851.8
5,2022-05-27,1,1838.7
5,2022-05-31,0,1844.9000000000001
5,2022-06-01,1,1847.2
5,2022-06-06,1,1849.5999999999999
5,2022-06-07,1,1852.95
5,2022-06-08,1,1844.8499999999999
5,2022-06-09,0,1830
5,2022-06-10,0,1830.8499999999999
5,2022-06-13,1,1818.3
5,2022-06-14,0,1823.75
5,2022-06-15,1,1826.5
5,2022-06-16,1,1841.55
5,2022-06-17,1,1840.25
5,2022-06-21,0,1841.8499999999999
5,2022-06-22,1,1841.9000000000001
5,2022-06-23,1,1825.45
5,2022-06-24,0,1826.3
5,2022-06-27,1,1819.05
5,2022-06-28,0,1817.75
5,2022-06-29,0,1817
5,2022-06-30,0,1797.45
5,2022-07-01,0,1772
5,2022-07-05,0,1754.3
5,2022-07-06,0,1747.95
5,2022-07-07,0,1738.2
5,2022-07-08,0,1740
5,2022-07-11,1,1730.7
5,2022-07-12,0,1724.5999999999999
5,2022-07-13,0,1700.7
5,2022-07-14,0,1706.1500000000001
5,2022-07-15,1,1713.05
5,2022-07-19,1,1709.3
5,2022-07-20,0,1705.0999999999999
5,2022-07-21,0,1736.95
5,2022-07-22,1,1718.9000000000001
5,2022-07-25,0,1720.05
5,2022-07-26,1,1714.05
5,2022-07-27,0,1753.5
5,2022-07-28,1,1753.4000000000001
5,2022-07-29,0,1772.4000000000001
5,2022-08-01,1,1779.75
5,2022-08-02,1,1761.25
5,2022-08-03,0,1783.2
5,2022-08-04,1,1773.25
5,2022-08-05,0,1784.05
5,2022-08-08,1,1795.05
5,2022-08-10,1,1792.0999999999999
5,2022-08-12,0,1767.2
5,2022-08-17,0,1765.55
5,2022-08-18,0,1750.75
5,2022-08-19,0,1733.25
5,2022-08-22,0,1746.55
5,2022-08-23,1,1745.6500000000001
5,2022-08-24,0,1753.55
5,2022-08-25,1,1751.25
5,2022-08-26,0,1730.3
5,2022-08-30,0,1694.3
5,2022-09-01,0,1712.5
5,2022-09-02,1,1702.5999999999999
5,2022-09-06,0,1702.6500000000001
5,2022-09-07,1,1709.3499999999999
5,2022-09-08,1,1713.4000000000001
5,2022-09-09,1,1704.8499999999999
5,2022-09-13,0,1703.9000000000001
5,2022-09-14,0,1689.0999999999999
5,2022-09-15,0,1664.6500000000001
5,2022-09-16,0,1664.1500000000001
5,2022-09-20,0,1671.75
5,2022-09-21,1,1671.8499999999999
5,2022-09-22,1,1643.3499999999999
5,2022-09-26,0,1634.3
5,2022-09-27,0,1652.1500000000001
5,2022-09-28,1,1654.8
5,2022-09-29,1,1671.75
5,2022-09-30,1,1664.7
5,2022-10-11,0,1670.6500000000001
5,2022-10-12,1,1648.0999999999999
5,2022-10-13,0,1649.3
5,2022-10-14,1,1664.75
5,2022-10-17,1,1653
5,2022-10-18,0,1631.7
5,2022-10-19,0,1635.3
5,2022-10-20,1,1643.25
5,2022-10-21,1,1659.25
5,2022-10-25,1,1659.75
5,2022-10-27,1,1648.05
5,2022-10-28,0,1639
5,2022-10-31,0,1645.25
5,2022-11-01,1,1649.55
5,2022-11-02,1,1674.4000000000001
5,2022-11-04,1,1678.95
5,2022-11-07,1,1715.25
5,2022-11-09,1,1744.75
5,2022-11-10,1,1759.3499999999999
5,2022-11-11,1,1768.9000000000001
5,2022-11-14,1,1771.3499999999999
5,2022-11-15,1,1773
5,2022-11-16,1,1758.5999999999999
5,2022-11-17,0,1751.5999999999999
5,2022-11-18,0,1740.4000000000001
5,2022-11-21,0,1742.95
5,2022-11-22,1,1751.8499999999999
5,2022-11-25,1,1746.55
5,2022-11-28,0,1752.7
5,2022-11-29,1,1753.5
5,2022-11-30,1,1803.1500000000001
5,2022-12-01,1,1784.75
5,2022-12-02,0,1776.8
5,2022-12-05,0,1773.8
5,2022-12-06,0,1782.2
5,2022-12-07,1,1790.1500000000001
5,2022-12-08,1,1796.1500000000001
5,2022-12-09,1,1786.5999999999999
5,2022-12-12,0,1823.55
5,2022-12-13,1,1808.05
5,2022-12-14,0,1783.55
5,2022-12-15,0,1792.55
5,2022-12-16,1,1790.8
5,2022-12-19,0,1813.9000000000001
5,2022-12-20,1,1817.55
5,2022-12-21,1,1800.7
5,2022-12-22,0,1797.4000000000001
5,2022-12-23,0,1803.3499999999999
5,2022-12-28,1,1813.75
5,2022-12-29,1,1812.3499999999999
5,2022-12-30,0,1857.3
5,2023-01-04,1,1834
5,2023-01-05,0,1852.2
5,2023-01-06,1,1878.6500000000001
5,2023-01-10,1,1872.3499999999999
5,2023-01-11,0,1882.55
5,2023-01-12,1,1907.1500000000001
5,2023-01-13,1,1913.8
5,2023-01-17,1,1920.7
5,2023-01-18,1,1918.5999999999999
5,2023-01-19,0,1924.9000000000001
5,2023-01-20,1,1924.0999999999999
5,2023-01-30,0,1923.9000000000001
5,2023-01-31,0,1925.9000000000001
5,2023-02-01,1,1921.6500000000001
5,2023-02-02,0,1875.3499999999999
5,2023-02-03,0,1873.25
5,2023-02-06,0,1870.7
5,2023-02-07,0,1872.6500000000001
5,2023-02-08,1,1879.0999999999999
5,2023-02-09,1,1859.7
5,2023-02-10,0,1856.05
5,2023-02-13,0,1863.7
5,2023-02-14,1,1831.2
5,2023-02-15,0,1828.95
5,2023-02-16,0,1833.95
5,2023-02-17,1,1836.8499999999999
5,2023-02-21,1,1835.75
5,2023-02-22,0,1810.95
5,2023-02-24,0,1818.6500000000001
5,2023-02-27,1,1824.5999999999999
5,2023-02-28,1,1841.25
5,2023-03-01,1,1836.2
5,2023-03-02,0,1841.1500000000001
5,2023-03-03,1,1849.05
5,2023-03-06,1,1816.3
5,2023-03-08,0,1831.4000000000001
5,2023-03-09,1,1861.25
5,2023-03-10,1,1911.3
5,2023-03-13,1,1907.55
5,2023-03-14,0,1923.4000000000001
5,2023-03-15,1,1922.75
5,2023-03-16,0,1962.0999999999999
5,2023-03-17,1,1969.3499999999999
5,2023-03-20,1,1977.95
5,2023-03-23,1,1993.8
5,2023-03-24,1,1946.25
5,2023-03-27,0,1962.8499999999999
5,2023-03-28,1,1965
5,2023-03-29,1,1979.7
5,2023-03-31,1,1983.3
5,2023-04-03,1,2001.9000000000001
5,2023-04-06,1,2002.7
5,2023-04-11,1,2008.2
5,2023-04-12,1,2048.4499999999998
5,2023-04-13,1,1995.55
5,2023-04-17,0,1999.4000000000001
5,2023-04-18,1,1990.55
5,2023-04-19,0,2007.1500000000001
5,2023-04-20,1,1973.6500000000001
5,2023-04-21,0,1978.2
5,2023-04-24,1,1987.4000000000001
5,2023-04-25,1,2003
5,2023-04-26,1,1985.6500000000001
5,2023-04-27,0,1982.55
5,2023-04-28,0,2030.2
5,2023-05-09,1,2037.1500000000001
5,2023-05-10,1,2015.95
5,2023-05-11,0,2019.9000000000001
5,2023-05-12,1,2019.9000000000001
5,2023-05-15,0,2007.45
5,2023-05-16,0,1974.4000000000001
5,2023-05-17,0,1960.3
5,2023-05-18,0,1961.5999999999999
5,2023-05-19,1,1970.3
5,2023-05-22,1,1969.2
5,2023-05-23,0,1969.6500000000001
5,2023-05-24,1,1948.25
5,2023-05-25,0,1947.9000000000001
5,2023-05-26,0,1952.45
5,2023-05-30,1,1964.4000000000001
5,2023-05-31,1,1974.3499999999999
5,2023-06-01,1,1963.25
5,2023-06-02,0,1959.6500000000001
5,2023-06-05,0,1957.25
5,2023-06-06,0,1967.3499999999999
5,2023-06-07,1,1966.4000000000001
5,2023-06-08,0,1960.3
5,2023-06-09,0,1952.9000000000001
5,2023-06-12,0,1954.4000000000001
5,2023-06-13,1,1955.8
5,2023-06-14,1,1952.3499999999999
5,2023-06-15,0,1959.75
5,2023-06-16,1,1930.45
5,2023-06-20,0,1925.6500000000001
5,2023-06-21,0,1922.9000000000001
5,2023-06-26,0,1918.9000000000001
5,2023-06-27,0,1908.4000000000001
5,2023-06-28,0,1912.25
5,2023-06-30,1,1928.75
5,2023-07-03,1,1924.6500000000001
5,2023-07-05,0,1908.8
5,2023-07-06,0,1922.3
5,2023-07-07,1,1922.8
5,2023-07-10,1,1933.95
5,2023-07-11,1,1953.3
5,2023-07-12,1,1958.05
5,2023-07-13,1,1953.7
5,2023-07-14,0,1975
5,2023-07-18,1,1975.3499999999999
5,2023-07-19,1,1976.0999999999999
5,2023-07-20,1,1960.5999999999999
5,2023-07-21,0,1960
5,2023-07-24,0,1958.7
5,2023-07-25,0,1966.3
5,2023-07-26,1,1945.3499999999999
5,2023-07-27,0,1954.25
5,2023-07-28,1,1970.6500000000001
5,2023-07-31,1,1947.2
5,2023-08-01,0,1944.2
5,2023-08-02,0,1935.6500000000001
5,2023-08-03,0,1942.45
5,2023-08-04,1,1931.7
5,2023-08-07,0,1926.4000000000001
5,2023-08-08,0,1922.75
5,2023-08-09,0,1920.9000000000001
5,2023-08-10,0,1903.75
5,2023-08-14,0,1896.3499999999999
5,2023-08-17,0,1893.7
5,2023-08-18,0,1889.8499999999999
5,2023-08-21,0,1892.75
5,2023-08-22,1,1916.6500000000001
5,2023-08-23,1,1917.05
5,2023-08-24,1,1915.5
5,2023-08-25,0,1930
5,2023-08-29,1,1947.55
5,2023-08-30,1,1942.3
5,2023-08-31,0,1940.55
5,2023-09-01,0,1926.0999999999999
5,2023-09-05,0,1922.05
5,2023-09-06,0,1918.3499999999999
5,2023-09-07,0,1927.8
5,2023-09-08,1,1924.95
5,2023-09-11,0,1908.55
5,2023-09-12,0,1913.8
5,2023-09-13,1,1901.75
5,2023-09-14,0,1927.7
5,2023-09-15,1,1943.3499999999999
5,2023-09-20,1,1915
5,2023-09-21,0,1927.3499999999999
5,2023-09-22,1,1924.8499999999999
5,2023-09-25,0,1907.05
5,2023-09-26,0,1887.3
5,2023-09-27,0,1873.55
5,2023-09-28,0,1857
5,2023-10-10,0,1871.25
5,2023-10-11,1,1874
5,2023-10-12,1,1909.2
5,2023-10-13,1,1918.05
5,2023-10-16,1,1928.2
5,2023-10-17,1,1955.7
5,2023-10-18,1,1953.55
5,2023-10-19,0,1988.5
5,2023-10-20,1,1973
5,2023-10-23,0,1983.3
5,2023-10-25,1,1975
5,2023-10-26,0,1982.9000000000001
5,2023-10-27,1,1997.5999999999999
5,2023-10-30,1,1996.9000000000001
5,2023-10-31,0,1986.3499999999999
5,2023-11-01,0,1983.5999999999999
5,2023-11-02,0,1984.5999999999999
5,2023-11-06,1,1960.7
5,2023-11-07,0,1959.3499999999999
5,2023-11-08,0,1957.45
5,2023-11-09,0,1941.6500000000001
5,2023-11-10,0,1931.1500000000001
5,2023-11-13,0,1958.2
5,2023-11-15,1,1980.0999999999999
5,2023-11-16,1,1981.05
5,2023-11-17,1,1968.7
5,2023-11-20,0,2006.5999999999999
5,2023-11-21,1,1997.55
5,2023-11-22,0,2000.8499999999999
5,2023-11-24,1,2025.6500000000001
5,2023-11-28,1,2046.95
5,2023-11-29,1,2035.45
5,2023-11-30,0,2045.4000000000001
5,2023-12-01,1,2049.0500000000002
5,2023-12-04,1,2023.3499999999999
5,2023-12-05,0,2026.4000000000001
5,2023-12-06,1,2026.9000000000001
5,2023-12-07,1,2008.0999999999999
5,2023-12-08,0,1986.6500000000001
5,2023-12-11,0,1980.8499999999999
5,2023-12-12,0,1982.5
5,2023-12-13,1,2046.0999999999999
5,2023-12-14,1,2032.3
5,2023-12-15,0,2023.95
5,2023-12-18,0,2041.3499999999999
5,2023-12-19,1,2035.55
5,2023-12-20,0,2041.7
5,2023-12-21,1,2055.5999999999999
5,2023-12-22,1,2069.4000000000001
5,2023-12-27,1,2078.4000000000001
5,2023-12-28,1,2062.4000000000001
5,2023-12-29,0,2039.55
5,2024-01-04,0,2056.3499999999999
5,2024-01-05,1,2034.9000000000001
5,2024-01-09,0,2026.8
5,2024-01-10,0,2029.1500000000001
5,2024-01-11,1,2055.6500000000001
5,2024-01-12,1,2038.1500000000001
5,2024-01-16,0,2011.75
5,2024-01-17,0,2013.2
5,2024-01-18,1,2028.55
5,2024-01-19,1,2022.95
5,2024-01-23,0,2024.6500000000001
5,2024-01-24,1,2023.75
5,2024-01-25,0,2022.5
5,2024-01-29,0,2043.05
5,2024-01-30,1,2053.25
5,2024-01-31,1,2045.8499999999999
5,2024-02-01,0,2034.1500000000001
5,2024-02-02,0,2018
5,2024-02-05,0,2030.8
5,2024-02-06,1,2041.5999999999999
5,2024-02-07,1,2028.6500000000001
5,2024-02-08,0,2023.5
5,2024-02-09,0,2029.0999999999999
5,2024-02-20,1,2026.75
5,2024-02-21,0,2024
5,2024-02-22,0,2027.2
5,2024-02-26,1,2035.05
5,2024-02-27,1,2032.45
5,2024-02-28,0,2048.0500000000002
5,2024-02-29,1,2049.8000000000002
5,2024-03-01,1,2098.0500000000002
5,2024-03-04,1,2134.4000000000001
5,2024-03-05,1,2142.8499999999999
5,2024-03-06,1,2153.4499999999998
5,2024-03-07,1,2180.4499999999998
5,2024-03-11,1,2161.25
5,2024-03-12,0,2168.4000000000001
5,2024-03-13,1,2160.8000000000002
5,2024-03-14,0,2163.4499999999998
5,2024-03-15,1,2158.1500000000001
5,2024-03-18,0,2154.9000000000001
5,2024-03-19,0,2170.5
5,2024-03-21,1,2171.5999999999999
5,2024-03-22,1,2179.8000000000002
5,2024-03-26,1,2192.6999999999998
5,2024-03-27,1,2214.3499999999999
5,2024-03-28,1,2264.5
5,2024-04-02,1,2280.1500000000001
5,2024-04-03,1,2320.25
5,2024-04-08,1,2333
5,2024-04-10,1,2401.5
5,2024-04-12,1,2344.1999999999998
5,2024-04-15,0,2369.1500000000001
5,2024-04-16,1,2382.6999999999998
5,2024-04-18,1,2379.6999999999998
5,2024-04-19,0,2334.9499999999998
5,2024-04-22,0,2328.4499999999998
5,2024-04-23,0,2320.25
5,2024-04-24,0,2318.6999999999998
5,2024-04-25,0,2343.0999999999999
5,2024-04-26,1,2307
5,2024-04-30,0,2319.5999999999999
5,2024-05-07,1,2309.0500000000002
5,2024-05-08,0,2325.6999999999998
5,2024-05-09,1,2372.4499999999998
5,2024-05-10,1,2343.8000000000002
5,2024-05-13,0,2354.8499999999999
5,2024-05-14,1,2357.5
5,2024-05-15,1,2377.4000000000001
5,2024-05-16,1,2402.5999999999999
5,2024-05-17,1,2427.3000000000002
5,2024-05-21,1,2407.9000000000001
5,2024-05-22,0,2342.6999999999998
5,2024-05-24,0,2350.6500000000001
5,2024-05-28,1,2343.3499999999999
5,2024-05-29,0,2348.5500000000002
5,2024-05-30,1,2348.25
5,2024-05-31,0,2337.6999999999998
5,2024-06-03,0,2326
5,2024-06-04,0,2340.0500000000002
5,2024-06-05,1,2360.5999999999999
5,2024-06-06,1,2310.8000000000002
5,2024-06-07,0,2316.5
5,2024-06-11,1,2326.25
5,2024-06-12,1,2310.8000000000002
5,2024-06-13,0,2330.4499999999998
5,2024-06-14,1,2324.3499999999999
5,2024-06-18,0,2351.5999999999999
5,2024-06-20,1,2335.0500000000002
5,2024-06-21,0,2328.75
5,2024-06-24,0,2325.0500000000002
5,2024-06-25,0,2299.6500000000001
5,2024-06-26,0,2323.5999999999999
5,2024-06-27,1,2330.9000000000001
5,2024-06-28,1,2329.0999999999999
5,2024-07-01,0,2331.75
5,2024-07-02,1,2361.3499999999999
5,2024-07-03,1,2379.0500000000002
5,2024-07-05,1,2376.6500000000001
5,2024-07-08,0,2367.9000000000001
5,2024-07-09,0,2384.3499999999999
5,2024-07-10,1,2409.1999999999998
5,2024-07-11,1,2406.8499999999999
5,2024-07-12,0,2443.1999999999998
5,2024-07-16,1,2463.8000000000002
5,2024-07-18,1,2403.5
5,2024-07-19,0,2392.6999999999998
5,2024-07-22,0,2403.0999999999999
5,2024-07-23,1,2421.4499999999998
5,2024-07-24,1,2364.1999999999998
5,2024-07-25,0,2386.0999999999999
5,2024-07-26,1,2391.0999999999999
5,2024-07-29,1,2390.25
5,2024-07-30,0,2426.3000000000002
5,2024-07-31,1,2454.5500000000002
5,2024-08-01,1,2469.8499999999999
5,2024-08-02,1,2393.8499999999999
5,2024-08-05,0,2396.5500000000002
5,2024-08-06,1,2400.4499999999998
5,2024-08-07,1,2411.4499999999998
5,2024-08-08,1,2427.3499999999999
5,2024-08-09,1,2471.5500000000002
5,2024-08-13,1,2456.6999999999998
5,2024-08-14,0,2485.8000000000002
5,2024-08-16,1,2494.5500000000002
5,2024-08-19,1,2529.75
5,2024-08-20,1,2497.9499999999998
5,2024-08-21,0,2483
5,2024-08-22,0,2511.1999999999998
5,2024-08-23,1,2508.5500000000002
5,2024-08-27,0,2505.25
5,2024-08-28,0,2518.0999999999999
5,2024-08-29,1,2513.3499999999999
